-- phpMyAdmin SQL Dump
-- version 4.1.9
-- http://www.phpmyadmin.net
--
-- Host: localhost
-- Generation Time: 2014-10-27 17:40:44
-- 服务器版本： 5.6.20
-- PHP Version: 5.4.26

SET SQL_MODE = "NO_AUTO_VALUE_ON_ZERO";
SET time_zone = "+00:00";


/*!40101 SET @OLD_CHARACTER_SET_CLIENT=@@CHARACTER_SET_CLIENT */;
/*!40101 SET @OLD_CHARACTER_SET_RESULTS=@@CHARACTER_SET_RESULTS */;
/*!40101 SET @OLD_COLLATION_CONNECTION=@@COLLATION_CONNECTION */;
/*!40101 SET NAMES utf8 */;

--
-- Database: `yii2basic`
--

-- --------------------------------------------------------

--
-- 表的结构 `banner`
--

CREATE TABLE IF NOT EXISTS `banner` (
  `id` smallint(6) NOT NULL AUTO_INCREMENT,
  `name` varchar(10) NOT NULL COMMENT '导航名称',
  `url` varchar(255) NOT NULL DEFAULT '' COMMENT 'url地址',
  `sortno` smallint(5) unsigned NOT NULL DEFAULT '0' COMMENT '排序',
  `pid` smallint(5) unsigned NOT NULL DEFAULT '0' COMMENT '父级导航id',
  PRIMARY KEY (`id`),
  UNIQUE KEY `name` (`name`)
) ENGINE=InnoDB  DEFAULT CHARSET=utf8 COMMENT='导航' AUTO_INCREMENT=6 ;

--
-- 转存表中的数据 `banner`
--

INSERT INTO `banner` (`id`, `name`, `url`, `sortno`, `pid`) VALUES
(1, 'ddd', 'dddd', 220, 0),
(2, '日志', '/topic/4', 0, 0),
(3, '美图', '/topic/5', 1, 0),
(4, '网站开发', '/topic/6', 0, 0),
(5, 'php', '/topic/8', 2, 4);

-- --------------------------------------------------------

--
-- 表的结构 `blogs`
--

CREATE TABLE IF NOT EXISTS `blogs` (
  `id` int(11) NOT NULL AUTO_INCREMENT,
  `cid` smallint(5) unsigned NOT NULL DEFAULT '0' COMMENT '分类id',
  `uid` int(10) unsigned NOT NULL DEFAULT '0' COMMENT '用户ID',
  `title` varchar(50) NOT NULL DEFAULT '' COMMENT '标题',
  `content` text NOT NULL COMMENT '内容',
  `description` varchar(255) NOT NULL DEFAULT '' COMMENT '描述',
  `addtime` int(11) NOT NULL COMMENT '添加时间',
  `uptime` int(11) NOT NULL DEFAULT '0' COMMENT '更新时间',
  `status` enum('publish','trash','deleted','sketch') NOT NULL DEFAULT 'sketch' COMMENT '状态,publish:发布,trash:垃圾,deleted:已删除,sketch:草稿',
  `image` varchar(255) NOT NULL DEFAULT '' COMMENT '特色图片',
  `tags` varchar(50) NOT NULL DEFAULT '' COMMENT '标签, tag1,tag2...',
  `read` mediumint(8) unsigned NOT NULL DEFAULT '0' COMMENT '阅读数',
  `comment` mediumint(8) unsigned NOT NULL DEFAULT '0' COMMENT '评论',
  `is_private` tinyint(3) unsigned NOT NULL DEFAULT '0' COMMENT '仅自己可见',
  `allow_review` tinyint(3) unsigned NOT NULL DEFAULT '1' COMMENT '是否允许评论',
  `author` varchar(10) NOT NULL DEFAULT '' COMMENT '作者',
  `is_focus` tinyint(4) NOT NULL DEFAULT '0',
  PRIMARY KEY (`id`),
  KEY `cid` (`cid`),
  KEY `uid` (`uid`),
  KEY `status` (`status`),
  KEY `focus_index` (`is_focus`)
) ENGINE=InnoDB  DEFAULT CHARSET=utf8 AUTO_INCREMENT=28 ;

--
-- 转存表中的数据 `blogs`
--

INSERT INTO `blogs` (`id`, `cid`, `uid`, `title`, `content`, `description`, `addtime`, `uptime`, `status`, `image`, `tags`, `read`, `comment`, `is_private`, `allow_review`, `author`, `is_focus`) VALUES
(1, 0, 1, '分手的犯得上犯得上', '<p>烦撒分手的发生的奋斗史</p>', '', 1413379691, 1413379691, 'sketch', '', 'php', 0, 0, 0, 1, '', 0),
(2, 0, 1, '分手的犯得上犯得上', '<p>烦撒分手的发生的奋斗史</p>', '', 1413379695, 1413379695, 'sketch', '', 'php', 0, 0, 0, 1, '', 0),
(7, 0, 1, '工厂模式一', '&lt;p style=&quot;margin: 10px auto; padding: 0px; color: rgb(51, 51, 51); font-family: verdana, Arial, Helvetica, sans-serif; font-size: 14px; line-height: 25.2000007629395px; white-space: normal; background-color: rgb(255, 255, 255);&quot;&gt;一、引子&lt;br style=&quot;margin: 0px; padding: 0px;&quot;/&gt;话说十年前，有一个爆发户，他家有三辆汽车（Benz（奔驰）、Bmw（宝马）、Audi（奥迪）看来这人比较爱国，没有日本车），还雇了司机为他开车。不过，爆发户坐车时总是这样：上Benz车后跟司机说&amp;quot;开奔驰车！&amp;quot;，坐上Bmw后他说&amp;quot;开宝马车！&amp;quot;，坐上Audi后他说&amp;quot;开奥迪车！&amp;quot;。你一定说：这人有病！直接说开车不就行了？！ 而当把这个爆发户的行为放到我们程序语言中来，我们发现C语言一直是通过这种方式来坐车的！幸运的是，这种有病的现象在OO语言中可以避免了。下面以Java语言为基础来引入我们本文的主题：工厂模式！！&lt;/p&gt;&lt;p style=&quot;margin: 10px auto; padding: 0px; color: rgb(51, 51, 51); font-family: verdana, Arial, Helvetica, sans-serif; font-size: 14px; line-height: 25.2000007629395px; white-space: normal; background-color: rgb(255, 255, 255);&quot;&gt;二、简介&lt;br style=&quot;margin: 0px; padding: 0px;&quot;/&gt;工厂模式主要是为创建对象提供了接口。工厂模式按照《Java与模式》中的提法分为三类：&lt;br style=&quot;margin: 0px; padding: 0px;&quot;/&gt;1. 简单工厂模式(Simple Factory)&amp;nbsp;&lt;br style=&quot;margin: 0px; padding: 0px;&quot;/&gt;2. 工厂方法模式(Factory Method)&amp;nbsp;&lt;br style=&quot;margin: 0px; padding: 0px;&quot;/&gt;3. 抽象工厂模式(Abstract Factory)&amp;nbsp;&lt;br style=&quot;margin: 0px; padding: 0px;&quot;/&gt;这三种模式从上到下逐步抽象，并且更具一般性。还有一种分类法，就是将简单工厂模式看为工厂方法模式的一种特例，两个归为一类。下面是使用工厂模式的两种情况：&lt;br style=&quot;margin: 0px; padding: 0px;&quot;/&gt;1.在编码时不能预见需要创建哪种类的实例。&lt;br style=&quot;margin: 0px; padding: 0px;&quot;/&gt;2.系统不应依赖于产品类实例如何被创建、组合和表达的细节&lt;/p&gt;&lt;p style=&quot;margin: 10px auto; padding: 0px; color: rgb(51, 51, 51); font-family: verdana, Arial, Helvetica, sans-serif; font-size: 14px; line-height: 25.2000007629395px; white-space: normal; background-color: rgb(255, 255, 255);&quot;&gt;三、简单工厂模式&lt;br style=&quot;margin: 0px; padding: 0px;&quot;/&gt;顾名思义，这个模式本身很简单，而且使用在业务较简单的情况下。&lt;br style=&quot;margin: 0px; padding: 0px;&quot;/&gt;它由三种角色组成（关系见下面的类图）：&lt;br style=&quot;margin: 0px; padding: 0px;&quot;/&gt;1、工厂类角色：这是本模式的核心，含有一定的商业逻辑和判断逻辑。在java中它往往由一个具体类实现。&lt;/p&gt;&lt;p style=&quot;margin: 10px auto; padding: 0px; color: rgb(51, 51, 51); font-family: verdana, Arial, Helvetica, sans-serif; font-size: 14px; line-height: 25.2000007629395px; white-space: normal; background-color: rgb(255, 255, 255);&quot;&gt;2、抽象产品角色：它一般是具体产品继承的父类或者实现的接口。在java中由接口或者抽象类来实现。&lt;/p&gt;&lt;p style=&quot;margin: 10px auto; padding: 0px; color: rgb(51, 51, 51); font-family: verdana, Arial, Helvetica, sans-serif; font-size: 14px; line-height: 25.2000007629395px; white-space: normal; background-color: rgb(255, 255, 255);&quot;&gt;3、具体产品角色：工厂类所创建的对象就是此角色的实例。在java中由一个具体类实现。&lt;br style=&quot;margin: 0px; padding: 0px;&quot;/&gt;&lt;a href=&quot;http://images.cnblogs.com/cnblogs_com/poissonnotes/WindowsLiveWriter/3b3b76bcffad_13405/clip_image002_2.jpg&quot; style=&quot;margin: 0px; padding: 0px; text-decoration: none; color: rgb(0, 0, 0); border-bottom-width: 1px; border-bottom-style: dotted; border-bottom-color: rgb(51, 51, 51);&quot;&gt;&lt;img title=&quot;clip_image002&quot; src=&quot;/ueditor/php/upload/image/20141021/1413878691565926.jpg&quot; alt=&quot;clip_image002&quot; width=&quot;395&quot; height=&quot;167&quot; border=&quot;0&quot; style=&quot;margin: 0px; padding: 0px; border: 0px; display: inline;&quot;/&gt;&lt;/a&gt;&lt;br style=&quot;margin: 0px; padding: 0px;&quot;/&gt;那么简单工厂模式怎么用呢？我来举个例子吧，我想这个比讲一大段理论上的文字描述要容易理解的多！下面就来给那个暴发户治病: P&amp;nbsp;&lt;br style=&quot;margin: 0px; padding: 0px;&quot;/&gt;在使用了简单工厂模式后，现在暴发户只需要坐在车里对司机说句：&amp;quot;开车&amp;quot;就可以了。来看看怎么实现的：&lt;/p&gt;&lt;pre style=&quot;margin-top: 0px; margin-bottom: 0px; padding: 0px; white-space: pre-wrap; word-wrap: break-word;&quot;&gt;//抽象产品角色&lt;/pre&gt;&lt;pre style=&quot;margin-top: 0px; margin-bottom: 0px; padding: 0px; white-space: pre-wrap; word-wrap: break-word;&quot;&gt;public&amp;nbsp;interface&amp;nbsp;Car{&lt;/pre&gt;&lt;pre style=&quot;margin-top: 0px; margin-bottom: 0px; padding: 0px; white-space: pre-wrap; word-wrap: break-word;&quot;&gt;public&amp;nbsp;void&amp;nbsp;drive();&lt;/pre&gt;&lt;pre style=&quot;margin-top: 0px; margin-bottom: 0px; padding: 0px; white-space: pre-wrap; word-wrap: break-word;&quot;&gt;}&lt;/pre&gt;&lt;pre style=&quot;margin-top: 0px; margin-bottom: 0px; padding: 0px; white-space: pre-wrap; word-wrap: break-word;&quot;&gt;&amp;nbsp;&lt;br/&gt;&lt;/pre&gt;&lt;pre style=&quot;margin-top: 0px; margin-bottom: 0px; padding: 0px; white-space: pre-wrap; word-wrap: break-word;&quot;&gt;//具体产品角色&lt;/pre&gt;&lt;pre style=&quot;margin-top: 0px; margin-bottom: 0px; padding: 0px; white-space: pre-wrap; word-wrap: break-word;&quot;&gt;public&amp;nbsp;class&amp;nbsp;Benz&amp;nbsp;implements&amp;nbsp;Car{&lt;/pre&gt;&lt;pre style=&quot;margin-top: 0px; margin-bottom: 0px; padding: 0px; white-space: pre-wrap; word-wrap: break-word;&quot;&gt;public&amp;nbsp;void&amp;nbsp;drive()&amp;nbsp;{&lt;/pre&gt;&lt;pre style=&quot;margin-top: 0px; margin-bottom: 0px; padding: 0px; white-space: pre-wrap; word-wrap: break-word;&quot;&gt;System.out.println(&amp;quot;Driving&amp;nbsp;Benz&amp;nbsp;&amp;quot;);&lt;/pre&gt;&lt;pre style=&quot;margin-top: 0px; margin-bottom: 0px; padding: 0px; white-space: pre-wrap; word-wrap: break-word;&quot;&gt;}&lt;/pre&gt;&lt;pre style=&quot;margin-top: 0px; margin-bottom: 0px; padding: 0px; white-space: pre-wrap; word-wrap: break-word;&quot;&gt;}&lt;/pre&gt;&lt;pre style=&quot;margin-top: 0px; margin-bottom: 0px; padding: 0px; white-space: pre-wrap; word-wrap: break-word;&quot;&gt;&amp;nbsp;&lt;br/&gt;&lt;/pre&gt;&lt;pre style=&quot;margin-top: 0px; margin-bottom: 0px; padding: 0px; white-space: pre-wrap; word-wrap: break-word;&quot;&gt;public&amp;nbsp;class&amp;nbsp;Bmw&amp;nbsp;implements&amp;nbsp;Car{&lt;/pre&gt;&lt;pre style=&quot;margin-top: 0px; margin-bottom: 0px; padding: 0px; white-space: pre-wrap; word-wrap: break-word;&quot;&gt;public&amp;nbsp;void&amp;nbsp;drive()&amp;nbsp;{&lt;/pre&gt;&lt;pre style=&quot;margin-top: 0px; margin-bottom: 0px; padding: 0px; white-space: pre-wrap; word-wrap: break-word;&quot;&gt;System.out.println(&amp;quot;Driving&amp;nbsp;Bmw&amp;nbsp;&amp;quot;);&lt;/pre&gt;&lt;pre style=&quot;margin-top: 0px; margin-bottom: 0px; padding: 0px; white-space: pre-wrap; word-wrap: break-word;&quot;&gt;}&lt;/pre&gt;&lt;pre style=&quot;margin-top: 0px; margin-bottom: 0px; padding: 0px; white-space: pre-wrap; word-wrap: break-word;&quot;&gt;}&lt;/pre&gt;&lt;pre style=&quot;margin-top: 0px; margin-bottom: 0px; padding: 0px; white-space: pre-wrap; word-wrap: break-word;&quot;&gt;。。。（奥迪我就不写了:P）&lt;/pre&gt;&lt;pre style=&quot;margin-top: 0px; margin-bottom: 0px; padding: 0px; white-space: pre-wrap; word-wrap: break-word;&quot;&gt;&amp;nbsp;&lt;br/&gt;&lt;/pre&gt;&lt;pre style=&quot;margin-top: 0px; margin-bottom: 0px; padding: 0px; white-space: pre-wrap; word-wrap: break-word;&quot;&gt;//工厂类角色&lt;/pre&gt;&lt;pre style=&quot;margin-top: 0px; margin-bottom: 0px; padding: 0px; white-space: pre-wrap; word-wrap: break-word;&quot;&gt;public&amp;nbsp;class&amp;nbsp;Driver{&lt;/pre&gt;&lt;pre style=&quot;margin-top: 0px; margin-bottom: 0px; padding: 0px; white-space: pre-wrap; word-wrap: break-word;&quot;&gt;&amp;nbsp;&lt;br/&gt;&lt;/pre&gt;&lt;pre style=&quot;margin-top: 0px; margin-bottom: 0px; padding: 0px; white-space: pre-wrap; word-wrap: break-word;&quot;&gt;//工厂方法&lt;/pre&gt;&lt;pre style=&quot;margin-top: 0px; margin-bottom: 0px; padding: 0px; white-space: pre-wrap; word-wrap: break-word;&quot;&gt;//注意&amp;nbsp;返回类型为抽象产品角色&lt;/pre&gt;&lt;pre style=&quot;margin-top: 0px; margin-bottom: 0px; padding: 0px; white-space: pre-wrap; word-wrap: break-word;&quot;&gt;public&amp;nbsp;static&amp;nbsp;Car&amp;nbsp;driverCar(String&amp;nbsp;s)throws&amp;nbsp;Exception&amp;nbsp;{&lt;/pre&gt;&lt;pre style=&quot;margin-top: 0px; margin-bottom: 0px; padding: 0px; white-space: pre-wrap; word-wrap: break-word;&quot;&gt;&amp;nbsp;&lt;br/&gt;&lt;/pre&gt;&lt;pre style=&quot;margin-top: 0px; margin-bottom: 0px; padding: 0px; white-space: pre-wrap; word-wrap: break-word;&quot;&gt;//判断逻辑，返回具体的产品角色给Client&lt;/pre&gt;&lt;pre style=&quot;margin-top: 0px; margin-bottom: 0px; padding: 0px; white-space: pre-wrap; word-wrap: break-word;&quot;&gt;if(s.equalsIgnoreCase(&amp;quot;Benz&amp;quot;))&amp;nbsp;return&amp;nbsp;new&amp;nbsp;Benz();&lt;/pre&gt;&lt;pre style=&quot;margin-top: 0px; margin-bottom: 0px; padding: 0px; white-space: pre-wrap; word-wrap: break-word;&quot;&gt;else&amp;nbsp;if(s.equalsIgnoreCase(&amp;quot;Bmw&amp;quot;))&lt;/pre&gt;&lt;pre style=&quot;margin-top: 0px; margin-bottom: 0px; padding: 0px; white-space: pre-wrap; word-wrap: break-word;&quot;&gt;return&amp;nbsp;new&amp;nbsp;Bmw();&lt;/pre&gt;&lt;pre style=&quot;margin-top: 0px; margin-bottom: 0px; padding: 0px; white-space: pre-wrap; word-wrap: break-word;&quot;&gt;&amp;nbsp;&lt;br/&gt;&lt;/pre&gt;&lt;pre style=&quot;margin-top: 0px; margin-bottom: 0px; padding: 0px; white-space: pre-wrap; word-wrap: break-word;&quot;&gt;......&lt;/pre&gt;&lt;pre style=&quot;margin-top: 0px; margin-bottom: 0px; padding: 0px; white-space: pre-wrap; word-wrap: break-word;&quot;&gt;else&amp;nbsp;throw&amp;nbsp;new&amp;nbsp;Exception();&lt;/pre&gt;&lt;pre style=&quot;margin-top: 0px; margin-bottom: 0px; padding: 0px; white-space: pre-wrap; word-wrap: break-word;&quot;&gt;。。。&lt;/pre&gt;&lt;pre style=&quot;margin-top: 0px; margin-bottom: 0px; padding: 0px; white-space: pre-wrap; word-wrap: break-word;&quot;&gt;&amp;nbsp;&lt;br/&gt;&lt;/pre&gt;&lt;pre style=&quot;margin-top: 0px; margin-bottom: 0px; padding: 0px; white-space: pre-wrap; word-wrap: break-word;&quot;&gt;//欢迎暴发户出场......&lt;/pre&gt;&lt;pre style=&quot;margin-top: 0px; margin-bottom: 0px; padding: 0px; white-space: pre-wrap; word-wrap: break-word;&quot;&gt;public&amp;nbsp;class&amp;nbsp;Magnate{&lt;/pre&gt;&lt;pre style=&quot;margin-top: 0px; margin-bottom: 0px; padding: 0px; white-space: pre-wrap; word-wrap: break-word;&quot;&gt;public&amp;nbsp;static&amp;nbsp;void&amp;nbsp;main(String[]&amp;nbsp;args){&lt;/pre&gt;&lt;pre style=&quot;margin-top: 0px; margin-bottom: 0px; padding: 0px; white-space: pre-wrap; word-wrap: break-word;&quot;&gt;try{&lt;/pre&gt;&lt;pre style=&quot;margin-top: 0px; margin-bottom: 0px; padding: 0px; white-space: pre-wrap; word-wrap: break-word;&quot;&gt;//告诉司机我今天坐奔驰&lt;/pre&gt;&lt;pre style=&quot;margin-top: 0px; margin-bottom: 0px; padding: 0px; white-space: pre-wrap; word-wrap: break-word;&quot;&gt;Car&amp;nbsp;car&amp;nbsp;=&amp;nbsp;Driver.driverCar(&amp;quot;benz&amp;quot;);&lt;/pre&gt;&lt;pre style=&quot;margin-top: 0px; margin-bottom: 0px; padding: 0px; white-space: pre-wrap; word-wrap: break-word;&quot;&gt;//下命令：开车&lt;/pre&gt;&lt;pre style=&quot;margin-top: 0px; margin-bottom: 0px; padding: 0px; white-space: pre-wrap; word-wrap: break-word;&quot;&gt;car.drive();&lt;/pre&gt;&lt;pre style=&quot;margin-top: 0px; margin-bottom: 0px; padding: 0px; white-space: pre-wrap; word-wrap: break-word;&quot;&gt;。。。&lt;/pre&gt;&lt;pre style=&quot;margin-top: 0px; margin-bottom: 0px; padding: 0px; white-space: pre-wrap; word-wrap: break-word;&quot;&gt;&amp;nbsp;&lt;br/&gt;&lt;/pre&gt;&lt;p&gt;&lt;br/&gt;&lt;/p&gt;', '', 1413878715, 1413878715, 'publish', '', '设计模式', 0, 0, 0, 1, '', 0),
(8, 5, 1, '大城市还是小城市，这个问题如今有了比较全面的解答', '&lt;p&gt;&lt;img src=&quot;http://www.nuannian.com/files/article/14/1022/1413940383.jpg&quot; style=&quot;margin: auto; padding: 0px; outline: none; border: 0px; display: block; max-width: 560px; color: rgb(51, 51, 51); font-family: arial, &amp;#39;Hiragino Sans GB&amp;#39;, &amp;#39;Microsoft Yahei&amp;#39;, 微软雅黑, 宋体, 宋体, Tahoma, Arial, Helvetica, STHeiti; line-height: 32px; white-space: normal; background-color: rgb(255, 255, 255);&quot;/&gt;&lt;br style=&quot;margin: 0px; padding: 0px; outline: none; color: rgb(51, 51, 51); font-family: arial, &amp;#39;Hiragino Sans GB&amp;#39;, &amp;#39;Microsoft Yahei&amp;#39;, 微软雅黑, 宋体, 宋体, Tahoma, Arial, Helvetica, STHeiti; line-height: 32px; white-space: normal; background-color: rgb(255, 255, 255);&quot;/&gt;&lt;/p&gt;&lt;h2 class=&quot;question-title&quot; style=&quot;margin: 0px; padding: 0px; outline: none; font-size: 16px; font-weight: normal; color: rgb(51, 51, 51); font-family: arial, &amp;#39;Hiragino Sans GB&amp;#39;, &amp;#39;Microsoft Yahei&amp;#39;, 微软雅黑, 宋体, 宋体, Tahoma, Arial, Helvetica, STHeiti; line-height: 32px; white-space: normal; background-color: rgb(255, 255, 255);&quot;&gt;&lt;p style=&quot;margin-top: 0.5em; margin-bottom: 0.5em; padding: 0px; outline: none; text-indent: 2em;&quot;&gt;&lt;strong style=&quot;margin: 0px; padding: 0px; outline: none;&quot;&gt;&lt;/strong&gt;&lt;/p&gt;&lt;/h2&gt;&lt;ul style=&quot;list-style-type: none;&quot; class=&quot; list-paddingleft-2&quot;&gt;&lt;li&gt;&lt;p&gt;生活便利&lt;/p&gt;&lt;/li&gt;&lt;/ul&gt;&lt;p style=&quot;margin-top: 0.5em; margin-bottom: 0.5em; padding: 0px; outline: none; text-indent: 2em; color: rgb(51, 51, 51); font-family: arial, &amp;#39;Hiragino Sans GB&amp;#39;, &amp;#39;Microsoft Yahei&amp;#39;, 微软雅黑, 宋体, 宋体, Tahoma, Arial, Helvetica, STHeiti; line-height: 32px; white-space: normal; background-color: rgb(255, 255, 255);&quot;&gt;大城市的便利主要体现在多样性上。大城市拥有众多的人口，而人们的兴趣、品味、需求和偏好是丰富多彩、千奇百怪的。这就意味着，即使你有再小众的需求，大城市都能满足你。在大城市，你可以买到法芹来点缀土豆浓汤，可以参加果壳网关于量子物理的讲座，可以在博物馆看到美第奇家族的收藏，可以去以六人行为主题的咖啡馆喝一杯。而在小城镇，这些小众的生意和服务很难生存下来，所以你可能永远只能打打麻将斗斗地主，连凑一桌三国杀都不容易。可参见&amp;nbsp;&lt;a href=&quot;http://book.douban.com/subject/1326833/&quot; style=&quot;margin: 0px; padding: 0px; outline: none; cursor: pointer; text-decoration: none; color: rgb(102, 102, 102);&quot;&gt;美国大城市的死与生 (豆瓣)&lt;/a&gt;&lt;/p&gt;&lt;p style=&quot;margin-top: 0.5em; margin-bottom: 0.5em; padding: 0px; outline: none; text-indent: 2em; color: rgb(51, 51, 51); font-family: arial, &amp;#39;Hiragino Sans GB&amp;#39;, &amp;#39;Microsoft Yahei&amp;#39;, 微软雅黑, 宋体, 宋体, Tahoma, Arial, Helvetica, STHeiti; line-height: 32px; white-space: normal; background-color: rgb(255, 255, 255);&quot;&gt;大家肯定会说大城市交通太不方便了，随便去个地方都要耗上大半天。需要指出的是，交通便利与否跟城市大小没有必然的联系，更重要的是城市的规划（如下图）和公共交通的发达程度。事实上，城市人口达到一定规模，地铁等大型交通设施反而会使交通更便利。&lt;/p&gt;&lt;p style=&quot;margin-top: 0.5em; margin-bottom: 0.5em; padding: 0px; outline: none; text-indent: 2em; color: rgb(51, 51, 51); font-family: arial, &amp;#39;Hiragino Sans GB&amp;#39;, &amp;#39;Microsoft Yahei&amp;#39;, 微软雅黑, 宋体, 宋体, Tahoma, Arial, Helvetica, STHeiti; line-height: 32px; white-space: normal; background-color: rgb(255, 255, 255);&quot;&gt;&lt;img class=&quot;content-image&quot; src=&quot;http://www.nuannian.com/files/article/14/1022/1413940384.jpg&quot; alt=&quot;&quot; style=&quot;margin: auto; padding: 0px; outline: none; border: 0px; display: block; max-width: 560px;&quot;/&gt;&lt;/p&gt;&lt;ul style=&quot;list-style-type: none;&quot; class=&quot; list-paddingleft-2&quot;&gt;&lt;li&gt;&lt;p&gt;经济发展&lt;/p&gt;&lt;/li&gt;&lt;/ul&gt;&lt;p style=&quot;margin-top: 0.5em; margin-bottom: 0.5em; padding: 0px; outline: none; text-indent: 2em; color: rgb(51, 51, 51); font-family: arial, &amp;#39;Hiragino Sans GB&amp;#39;, &amp;#39;Microsoft Yahei&amp;#39;, 微软雅黑, 宋体, 宋体, Tahoma, Arial, Helvetica, STHeiti; line-height: 32px; white-space: normal; background-color: rgb(255, 255, 255);&quot;&gt;从产业层面来看：城市越大，集聚程度越高，规模经济的效应越明显，企业的生产成本越低。交易费用居高不下是当前制约中国经济的一个很重要的因素，在现代经济中，金融、IT 等高端服务业能够显著的降低交易成本。而这些产业对知识、技术和高端人才的需求只有大城市才能满足。&lt;/p&gt;&lt;p style=&quot;margin-top: 0.5em; margin-bottom: 0.5em; padding: 0px; outline: none; text-indent: 2em; color: rgb(51, 51, 51); font-family: arial, &amp;#39;Hiragino Sans GB&amp;#39;, &amp;#39;Microsoft Yahei&amp;#39;, 微软雅黑, 宋体, 宋体, Tahoma, Arial, Helvetica, STHeiti; line-height: 32px; white-space: normal; background-color: rgb(255, 255, 255);&quot;&gt;从个人层面来看：我在&amp;nbsp;&lt;a href=&quot;http://imquyi.com/blog/2011/03/young-people-in-big-cities/&quot; style=&quot;margin: 0px; padding: 0px; outline: none; cursor: pointer; text-decoration: none; color: rgb(102, 102, 102);&quot;&gt;http://imquyi.com/blog/2011/03/young-people-in-big-cities/&lt;/a&gt;&amp;nbsp;提到过，大城市的高生活成本形成的自选择机制使得优秀的人才愿意选择大城市工作和生活，而这种人力资本的积累会带来就业机会的增加和收入的提高，反过来又吸引了更多的优秀人才。同时，由于人力资本的外部性，一个人的优秀不仅能使自己的收入提高，而且能在与人交往的过程中互相影响，从而提高别人的收入。另外，随着科技的发展，更多的职业与知识、信息、技术相关，而这些职业更需要在与人的交流中产生效益。此外，低技能劳动者所获得的人力资本外部性比高技能劳动者更高。参见&amp;nbsp;&lt;a href=&quot;http://magazine.caijing.com.cn/2012-03-25/111774228.html&quot; style=&quot;margin: 0px; padding: 0px; outline: none; cursor: pointer; text-decoration: none; color: rgb(102, 102, 102);&quot;&gt;城市扩张刺激就业与收入&lt;/a&gt;&lt;/p&gt;&lt;ul style=&quot;list-style-type: none;&quot; class=&quot; list-paddingleft-2&quot;&gt;&lt;li&gt;&lt;p&gt;环境保护&lt;/p&gt;&lt;/li&gt;&lt;/ul&gt;&lt;p style=&quot;margin-top: 0.5em; margin-bottom: 0.5em; padding: 0px; outline: none; text-indent: 2em; color: rgb(51, 51, 51); font-family: arial, &amp;#39;Hiragino Sans GB&amp;#39;, &amp;#39;Microsoft Yahei&amp;#39;, 微软雅黑, 宋体, 宋体, Tahoma, Arial, Helvetica, STHeiti; line-height: 32px; white-space: normal; background-color: rgb(255, 255, 255);&quot;&gt;我们平常观察到的似乎是城市越来越大，污染越来越多。实际上，污染越来越多是随着工业化进程而来的。把城市扩大当作污染加重的原因，可能是个伪回归。而根据环境库兹涅茨曲线，经济发展到一定程度，随着经济结构的转变，环境会逐渐变好。&lt;/p&gt;&lt;p style=&quot;margin-top: 0.5em; margin-bottom: 0.5em; padding: 0px; outline: none; text-indent: 2em; color: rgb(51, 51, 51); font-family: arial, &amp;#39;Hiragino Sans GB&amp;#39;, &amp;#39;Microsoft Yahei&amp;#39;, 微软雅黑, 宋体, 宋体, Tahoma, Arial, Helvetica, STHeiti; line-height: 32px; white-space: normal; background-color: rgb(255, 255, 255);&quot;&gt;对于城市大小与环境保护的关系，一方面，城市规模对于环境保护的影响可能不如城市密度的影响大。这主要体现在城市交通上，上面也提到了，大城市有利于公共交通设施发挥作用，坐地铁和公交比开私家车环保多了。例如，巴塞罗那和亚特兰大有几乎一样的人口规模，但是亚特兰大的面积比巴塞罗那大 26 倍，其人均排放量的差别可以从下图中看到。另外，前面也提到了，大城市有利于产业集聚，而产业集聚有利于节能减排的。一家工厂可能宁愿交罚款也不愿建个污水处理厂，而如果一个园区共享一个污水处理厂，大家都会觉得划算。参见&amp;nbsp;&lt;a href=&quot;http://lumingfudan.blog.sohu.com/218851877.html&quot; style=&quot;margin: 0px; padding: 0px; outline: none; cursor: pointer; text-decoration: none; color: rgb(102, 102, 102);&quot;&gt;拥挤的绿色城市&lt;/a&gt;&lt;/p&gt;&lt;p style=&quot;margin-top: 0.5em; margin-bottom: 0.5em; padding: 0px; outline: none; text-indent: 2em; color: rgb(51, 51, 51); font-family: arial, &amp;#39;Hiragino Sans GB&amp;#39;, &amp;#39;Microsoft Yahei&amp;#39;, 微软雅黑, 宋体, 宋体, Tahoma, Arial, Helvetica, STHeiti; line-height: 32px; white-space: normal; background-color: rgb(255, 255, 255);&quot;&gt;&lt;img class=&quot;content-image&quot; src=&quot;http://www.nuannian.com/files/article/14/1022/1413940385.jpg&quot; alt=&quot;&quot; style=&quot;margin: auto; padding: 0px; outline: none; border: 0px; display: block; max-width: 560px;&quot;/&gt;&lt;/p&gt;&lt;p&gt;&lt;br/&gt;&lt;/p&gt;', '', 1413940697, 1413940697, 'publish', '', '原创,美文,文学', 81, 0, 0, 1, '', 0),
(9, 5, 1, '鱼身上那么多细刺，游泳的时候不会疼吗？', '&lt;p style=&quot;margin-top: 0.5em; margin-bottom: 0.5em; padding: 0px; outline: none; text-indent: 2em; color: rgb(51, 51, 51); font-family: arial, &amp;#39;Hiragino Sans GB&amp;#39;, &amp;#39;Microsoft Yahei&amp;#39;, 微软雅黑, 宋体, 宋体, Tahoma, Arial, Helvetica, STHeiti; line-height: 32px; white-space: normal; background-color: rgb(255, 255, 255);&quot;&gt;应该先了解这些小刺&lt;strong style=&quot;margin: 0px; padding: 0px; outline: none;&quot;&gt;是什么&lt;/strong&gt;：&lt;/p&gt;&lt;p style=&quot;margin-top: 0.5em; margin-bottom: 0.5em; padding: 0px; outline: none; text-indent: 2em; color: rgb(51, 51, 51); font-family: arial, &amp;#39;Hiragino Sans GB&amp;#39;, &amp;#39;Microsoft Yahei&amp;#39;, 微软雅黑, 宋体, 宋体, Tahoma, Arial, Helvetica, STHeiti; line-height: 32px; white-space: normal; background-color: rgb(255, 255, 255);&quot;&gt;它们被叫做&lt;strong style=&quot;margin: 0px; padding: 0px; outline: none;&quot;&gt;肌间刺&lt;/strong&gt;，肌间刺即通常所谓的细鱼刺，是分布于椎体两侧&lt;strong style=&quot;margin: 0px; padding: 0px; outline: none;&quot;&gt;肌隔中的小骨&lt;/strong&gt;，为&lt;strong style=&quot;margin: 0px; padding: 0px; outline: none;&quot;&gt;低等真骨鱼类骨骼系统所特有&lt;/strong&gt;的一种结构，其&lt;strong style=&quot;margin: 0px; padding: 0px; outline: none;&quot;&gt;数目随着鱼类的演化逐渐减少&lt;/strong&gt;，直至&lt;strong style=&quot;margin: 0px; padding: 0px; outline: none;&quot;&gt;进化到某一阶段完全消失&lt;/strong&gt;。&lt;/p&gt;&lt;p style=&quot;margin-top: 0.5em; margin-bottom: 0.5em; padding: 0px; outline: none; text-indent: 2em; color: rgb(51, 51, 51); font-family: arial, &amp;#39;Hiragino Sans GB&amp;#39;, &amp;#39;Microsoft Yahei&amp;#39;, 微软雅黑, 宋体, 宋体, Tahoma, Arial, Helvetica, STHeiti; line-height: 32px; white-space: normal; background-color: rgb(255, 255, 255);&quot;&gt;例如我们常吃的鲤鱼，鲫鱼，花白鲢，草鱼等鲤科鱼类，被认为演化程度较低，有肌间刺；而鲈鱼，鲶鱼，鲑鳟鱼等被认为演化程度较高，就没有肌间刺。&lt;/p&gt;&lt;p style=&quot;margin-top: 0.5em; margin-bottom: 0.5em; padding: 0px; outline: none; text-indent: 2em; color: rgb(51, 51, 51); font-family: arial, &amp;#39;Hiragino Sans GB&amp;#39;, &amp;#39;Microsoft Yahei&amp;#39;, 微软雅黑, 宋体, 宋体, Tahoma, Arial, Helvetica, STHeiti; line-height: 32px; white-space: normal; background-color: rgb(255, 255, 255);&quot;&gt;应该知道它们的&lt;strong style=&quot;margin: 0px; padding: 0px; outline: none;&quot;&gt;功能&lt;/strong&gt;：&lt;/p&gt;&lt;p style=&quot;margin-top: 0.5em; margin-bottom: 0.5em; padding: 0px; outline: none; text-indent: 2em; color: rgb(51, 51, 51); font-family: arial, &amp;#39;Hiragino Sans GB&amp;#39;, &amp;#39;Microsoft Yahei&amp;#39;, 微软雅黑, 宋体, 宋体, Tahoma, Arial, Helvetica, STHeiti; line-height: 32px; white-space: normal; background-color: rgb(255, 255, 255);&quot;&gt;肌间刺的主要作用应是&lt;strong style=&quot;margin: 0px; padding: 0px; outline: none;&quot;&gt;支撑肌肉&lt;/strong&gt;，对于&lt;strong style=&quot;margin: 0px; padding: 0px; outline: none;&quot;&gt;肉质比较疏松&lt;/strong&gt;的鱼类，不仅肌间刺数目相对较多，更主要的是&lt;strong style=&quot;margin: 0px; padding: 0px; outline: none;&quot;&gt;肌间刺上的分枝&lt;/strong&gt;也较多，如鲢、鳙，甚至出现复杂的树状分枝。肌间刺还有一个作用涉及到传导，如&lt;strong style=&quot;margin: 0px; padding: 0px; outline: none;&quot;&gt;肌肉力量的传导&lt;/strong&gt;，因此肌间刺数目可能与&lt;strong style=&quot;margin: 0px; padding: 0px; outline: none;&quot;&gt;肌肉中蛋白质含量&lt;/strong&gt;有一定的关系。也有研究发现，肌间刺的出现一定程度上增强了植食性鱼类的力量 。&lt;/p&gt;&lt;p style=&quot;margin-top: 0.5em; margin-bottom: 0.5em; padding: 0px; outline: none; text-indent: 2em; color: rgb(51, 51, 51); font-family: arial, &amp;#39;Hiragino Sans GB&amp;#39;, &amp;#39;Microsoft Yahei&amp;#39;, 微软雅黑, 宋体, 宋体, Tahoma, Arial, Helvetica, STHeiti; line-height: 32px; white-space: normal; background-color: rgb(255, 255, 255);&quot;&gt;吃鱼的时候可以感受到不同鱼类的肉质差异是很大的。&lt;/p&gt;&lt;p&gt;&lt;br/&gt;&lt;/p&gt;', '', 1413940771, 1413940771, 'publish', '', '原创,美文,文学', 8, 0, 0, 1, '', 0),
(10, 5, 100001, '松花酿酒，春水煎茶', '&lt;p style=&quot;margin-top: 0.5em; margin-bottom: 0.5em; padding: 0px; outline: none; text-indent: 2em; color: rgb(51, 51, 51); font-family: arial, &amp;#39;Hiragino Sans GB&amp;#39;, &amp;#39;Microsoft Yahei&amp;#39;, 微软雅黑, 宋体, 宋体, Tahoma, Arial, Helvetica, STHeiti; line-height: 32px; white-space: normal; background-color: rgb(255, 255, 255);&quot;&gt;&amp;nbsp;兴亡千古繁华梦，诗眼倦天涯。&lt;br style=&quot;margin: 0px; padding: 0px; outline: none;&quot;/&gt;孔林乔木，吴宫蔓草，楚庙寒鸦。&lt;br style=&quot;margin: 0px; padding: 0px; outline: none;&quot;/&gt;数间茅舍，藏书万卷，投老村家。&lt;br style=&quot;margin: 0px; padding: 0px; outline: none;&quot;/&gt;山中何事，松花酿酒，春水煎茶。&lt;br style=&quot;margin: 0px; padding: 0px; outline: none;&quot;/&gt;&lt;br style=&quot;margin: 0px; padding: 0px; outline: none;&quot;/&gt;——《人月圆·山中书事》(元·张可久)&lt;br style=&quot;margin: 0px; padding: 0px; outline: none;&quot;/&gt;&lt;br style=&quot;margin: 0px; padding: 0px; outline: none;&quot;/&gt;&lt;br style=&quot;margin: 0px; padding: 0px; outline: none;&quot;/&gt;折一身瘦骨，踩雨后的虹桥，进山。&lt;br style=&quot;margin: 0px; padding: 0px; outline: none;&quot;/&gt;在山山与树树的夹缝间，辟半亩薄地，起一间柴屋，只栽松柏。男松站远些，刚劲孔武，护塞戍边；女松倚近些，端茶递水，红袖添香。老松可对奕，小松可共舞。酒醉茶酣也可&amp;quot;以手推松曰&amp;#39;去&amp;#39;&amp;quot;。山认樵夫给树，水认渔翁给鱼，我非樵非渔，便拥有一切，无路则处处是路。&lt;br style=&quot;margin: 0px; padding: 0px; outline: none;&quot;/&gt;&lt;br style=&quot;margin: 0px; padding: 0px; outline: none;&quot;/&gt;山中何事?&lt;br style=&quot;margin: 0px; padding: 0px; outline: none;&quot;/&gt;闲闲地餐风饮露，忙忙地耕云种月。&lt;br style=&quot;margin: 0px; padding: 0px; outline: none;&quot;/&gt;写几行骈文骊句，用松针钉在篱笆上，花朵来读有花香，蝴蝶来读有蝶味，萤火虫来读有萤光，山鬼来读有鬼意，仙人来读有仙气……诗越读越厚，日子越读越薄，生命越读越轻。&lt;/p&gt;&lt;p style=&quot;margin-top: 0.5em; margin-bottom: 0.5em; padding: 0px; outline: none; text-indent: 2em; color: rgb(51, 51, 51); font-family: arial, &amp;#39;Hiragino Sans GB&amp;#39;, &amp;#39;Microsoft Yahei&amp;#39;, 微软雅黑, 宋体, 宋体, Tahoma, Arial, Helvetica, STHeiti; line-height: 32px; white-space: normal; background-color: rgb(255, 255, 255);&quot;&gt;&lt;br style=&quot;margin: 0px; padding: 0px; outline: none;&quot;/&gt;&lt;br style=&quot;margin: 0px; padding: 0px; outline: none;&quot;/&gt;明天有明天的落叶，后天有后天的事情。&lt;br style=&quot;margin: 0px; padding: 0px; outline: none;&quot;/&gt;&lt;br style=&quot;margin: 0px; padding: 0px; outline: none;&quot;/&gt;反正这山中没个忙人，反正这山中没个闲人。&lt;br style=&quot;margin: 0px; padding: 0px; outline: none;&quot;/&gt;&lt;br style=&quot;margin: 0px; padding: 0px; outline: none;&quot;/&gt;蓄了一春的露，檐前的小陶瓮也该有个七八分了。日头下拿进新糊的红泥小炭炉，用去岁晒干的花尸燃火，才不会把水煎老。宠自己一回，今年就用那把从来舍不得用的养得釉亮的晚唐小壶。一盏香茗、一炷檀香，一人独对一山，一心静对一世，往日的尘缘都记不起来了，那就喝眼前的茶吧。&lt;br style=&quot;margin: 0px; padding: 0px; outline: none;&quot;/&gt;&lt;br style=&quot;margin: 0px; padding: 0px; outline: none;&quot;/&gt;茶要独品，酒需共酌。这好山只归我一人所有，让我如何能信?可不，山中无甲子，大约在三个秋天之前就有山背后住着的一蓄着长长白髯的老翁来访，用一串铜钱来换我的松花酒。我说如今通用银子，他不懂。好说歹说，用他编的三双草鞋换去我两竹筒的酒。并向我打探山外的世道，我故意很使劲地想，然后说是元。他诡诡地一笑，笑得我心里发虚。再问我进山的道，我指了东西南北，他丢下两句没头没脑的话，径自去了。此后也就是隔山说些阴晴圆缺的话，也没什么大来往。&lt;br style=&quot;margin: 0px; padding: 0px; outline: none;&quot;/&gt;&lt;br style=&quot;margin: 0px; padding: 0px; outline: none;&quot;/&gt;年前去找他对酌，只见两间茅屋，一间紧闭，并用草绳紧紧拴了门环，另一间便住人，极其简陋。奇的是窗上糊纸竟是三尺宣，依稀可辨三五字句：&amp;quot;兴亡千古繁华梦，诗眼倦天涯。孔林乔木，吴宫蔓草，楚庙寒鸦。&amp;quot;倒是好句，只是意未尽而气未结，加上无奈的沧桑像一件短衣，终究遮挡不住底下曾经的少年血气，不知那双倦了的诗眼在后句中将望向何处，无从寻觅。更奇的是宣纸已泛黄，浮着一层虚幻的锈色，却明明白白一阵墨香，再偷觑那间紧闭的屋，门缝里逼来一股霉味，难以迫近，老翁一脸不悦，连忙知趣告退。疑惑便自此悬于心头。&lt;/p&gt;&lt;p&gt;&lt;br/&gt;&lt;/p&gt;', '在山山与树树的夹缝间，辟半亩薄地，起一间柴屋，只栽松柏。男松站远些，刚劲孔武，护塞戍边；女松倚近些，端茶递水，红袖添香。老松可对奕，小松可共舞。酒醉茶酣也可', 1413944299, 1413944299, 'publish', '', '美文', 51, 0, 0, 1, '', 0),
(11, 5, 100001, '今天还是七个小众的有趣网站，明天就大众喽', '&lt;h2 class=&quot;question-title&quot; style=&quot;margin: 0px; padding: 0px; outline: none; font-size: 16px; font-weight: normal; color: rgb(51, 51, 51); font-family: arial, &amp;#39;Hiragino Sans GB&amp;#39;, &amp;#39;Microsoft Yahei&amp;#39;, 微软雅黑, 宋体, 宋体, Tahoma, Arial, Helvetica, STHeiti; line-height: 32px; white-space: normal; background-color: rgb(255, 255, 255);&quot;&gt;&lt;p style=&quot;margin-top: 0.5em; margin-bottom: 0.5em; padding: 0px; outline: none; text-indent: 2em;&quot;&gt;&lt;strong style=&quot;margin: 0px; padding: 0px; outline: none;&quot;&gt;有哪些很少为人所知，但是很有意思的网站？&lt;/strong&gt;&lt;/p&gt;&lt;/h2&gt;&lt;p style=&quot;margin-top: 0.5em; margin-bottom: 0.5em; padding: 0px; outline: none; text-indent: 2em; color: rgb(51, 51, 51); font-family: arial, &amp;#39;Hiragino Sans GB&amp;#39;, &amp;#39;Microsoft Yahei&amp;#39;, 微软雅黑, 宋体, 宋体, Tahoma, Arial, Helvetica, STHeiti; line-height: 32px; white-space: normal; background-color: rgb(255, 255, 255);&quot;&gt;咳咳，既然你们如此渴求知识的甘霖，那老夫也就勉为其难贡献出几个珍藏 30 余年的秘传网站，带你装 X 带你飞～&lt;/p&gt;&lt;p style=&quot;margin-top: 0.5em; margin-bottom: 0.5em; padding: 0px; outline: none; text-indent: 2em; color: rgb(51, 51, 51); font-family: arial, &amp;#39;Hiragino Sans GB&amp;#39;, &amp;#39;Microsoft Yahei&amp;#39;, 微软雅黑, 宋体, 宋体, Tahoma, Arial, Helvetica, STHeiti; line-height: 32px; white-space: normal; background-color: rgb(255, 255, 255);&quot;&gt;1，&lt;strong style=&quot;margin: 0px; padding: 0px; outline: none;&quot;&gt;伪装成特工，让网吧里围观的小学生们膜拜你的神器！&lt;/strong&gt;&lt;/p&gt;&lt;p style=&quot;margin-top: 0.5em; margin-bottom: 0.5em; padding: 0px; outline: none; text-indent: 2em; color: rgb(51, 51, 51); font-family: arial, &amp;#39;Hiragino Sans GB&amp;#39;, &amp;#39;Microsoft Yahei&amp;#39;, 微软雅黑, 宋体, 宋体, Tahoma, Arial, Helvetica, STHeiti; line-height: 32px; white-space: normal; background-color: rgb(255, 255, 255);&quot;&gt;&lt;a href=&quot;http://fediafedia.com/neo/&quot; style=&quot;margin: 0px; padding: 0px; outline: none; cursor: pointer; text-decoration: none; color: rgb(102, 102, 102);&quot;&gt;&lt;strong style=&quot;margin: 0px; padding: 0px; outline: none;&quot;&gt;HackerTyper Neo&lt;/strong&gt;&lt;/a&gt;&lt;/p&gt;&lt;p style=&quot;margin-top: 0.5em; margin-bottom: 0.5em; padding: 0px; outline: none; text-indent: 2em; color: rgb(51, 51, 51); font-family: arial, &amp;#39;Hiragino Sans GB&amp;#39;, &amp;#39;Microsoft Yahei&amp;#39;, 微软雅黑, 宋体, 宋体, Tahoma, Arial, Helvetica, STHeiti; line-height: 32px; white-space: normal; background-color: rgb(255, 255, 255);&quot;&gt;&lt;img class=&quot;content-image&quot; src=&quot;http://www.nuannian.com/files/article/14/1019/1413691984.jpg&quot; alt=&quot;&quot; style=&quot;margin: auto; padding: 0px; outline: none; border: 0px; display: block; max-width: 560px;&quot;/&gt;&lt;/p&gt;&lt;p style=&quot;margin-top: 0.5em; margin-bottom: 0.5em; padding: 0px; outline: none; text-indent: 2em; color: rgb(51, 51, 51); font-family: arial, &amp;#39;Hiragino Sans GB&amp;#39;, &amp;#39;Microsoft Yahei&amp;#39;, 微软雅黑, 宋体, 宋体, Tahoma, Arial, Helvetica, STHeiti; line-height: 32px; white-space: normal; background-color: rgb(255, 255, 255);&quot;&gt;&lt;img class=&quot;content-image&quot; src=&quot;http://www.nuannian.com/files/article/14/1019/1413691985.jpg&quot; alt=&quot;&quot; style=&quot;margin: auto; padding: 0px; outline: none; border: 0px; display: block; max-width: 560px;&quot;/&gt;&lt;/p&gt;&lt;p style=&quot;margin-top: 0.5em; margin-bottom: 0.5em; padding: 0px; outline: none; text-indent: 2em; color: rgb(51, 51, 51); font-family: arial, &amp;#39;Hiragino Sans GB&amp;#39;, &amp;#39;Microsoft Yahei&amp;#39;, 微软雅黑, 宋体, 宋体, Tahoma, Arial, Helvetica, STHeiti; line-height: 32px; white-space: normal; background-color: rgb(255, 255, 255);&quot;&gt;使用方法很简单，你只要随便在键盘上敲打就可以不断地引出代码，注意，&lt;strong style=&quot;margin: 0px; padding: 0px; outline: none;&quot;&gt;一定要用大力！发出噼啪的声音&lt;/strong&gt;，这样才能吸引小学生们的关注！如果你还有条件，请穿上三天没洗的白背心，一条肥大的短裤和一双夹脚拖鞋，嘴里最好叼只最便宜的香烟，哦对了，一副眼镜和油腻的头发也是必须的，这些会让你看起来更像某个隐居的特工高手，说不定已经有小学生芳心暗许，准备拜你为师了呢。&lt;/p&gt;&lt;p style=&quot;margin-top: 0.5em; margin-bottom: 0.5em; padding: 0px; outline: none; text-indent: 2em; color: rgb(51, 51, 51); font-family: arial, &amp;#39;Hiragino Sans GB&amp;#39;, &amp;#39;Microsoft Yahei&amp;#39;, 微软雅黑, 宋体, 宋体, Tahoma, Arial, Helvetica, STHeiti; line-height: 32px; white-space: normal; background-color: rgb(255, 255, 255);&quot;&gt;&lt;strong style=&quot;margin: 0px; padding: 0px; outline: none;&quot;&gt;2，第一条装 X 神器的必备辅助网站，傲视全球的网络攻击！&lt;/strong&gt;&lt;/p&gt;&lt;p style=&quot;margin-top: 0.5em; margin-bottom: 0.5em; padding: 0px; outline: none; text-indent: 2em; color: rgb(51, 51, 51); font-family: arial, &amp;#39;Hiragino Sans GB&amp;#39;, &amp;#39;Microsoft Yahei&amp;#39;, 微软雅黑, 宋体, 宋体, Tahoma, Arial, Helvetica, STHeiti; line-height: 32px; white-space: normal; background-color: rgb(255, 255, 255);&quot;&gt;&lt;strong style=&quot;margin: 0px; padding: 0px; outline: none;&quot;&gt;&lt;a href=&quot;http://map.ipviking.com/&quot; style=&quot;margin: 0px; padding: 0px; outline: none; cursor: pointer; text-decoration: none; color: rgb(102, 102, 102);&quot;&gt;Norse - IPViking Live&lt;/a&gt;&lt;br style=&quot;margin: 0px; padding: 0px; outline: none;&quot;/&gt;&lt;/strong&gt;（注意，这个据说是真实的，我读书少，也可能被骗了。）&lt;/p&gt;&lt;p style=&quot;margin-top: 0.5em; margin-bottom: 0.5em; padding: 0px; outline: none; text-indent: 2em; color: rgb(51, 51, 51); font-family: arial, &amp;#39;Hiragino Sans GB&amp;#39;, &amp;#39;Microsoft Yahei&amp;#39;, 微软雅黑, 宋体, 宋体, Tahoma, Arial, Helvetica, STHeiti; line-height: 32px; white-space: normal; background-color: rgb(255, 255, 255);&quot;&gt;&lt;img class=&quot;content-image&quot; src=&quot;http://www.nuannian.com/files/article/14/1019/1413691986.jpg&quot; alt=&quot;&quot; style=&quot;margin: auto; padding: 0px; outline: none; border: 0px; display: block; max-width: 560px;&quot;/&gt;&lt;/p&gt;&lt;p style=&quot;margin-top: 0.5em; margin-bottom: 0.5em; padding: 0px; outline: none; text-indent: 2em; color: rgb(51, 51, 51); font-family: arial, &amp;#39;Hiragino Sans GB&amp;#39;, &amp;#39;Microsoft Yahei&amp;#39;, 微软雅黑, 宋体, 宋体, Tahoma, Arial, Helvetica, STHeiti; line-height: 32px; white-space: normal; background-color: rgb(255, 255, 255);&quot;&gt;此网站以极其华丽的风格向我们展示实时的全球网络攻击情况。你可以看到攻击发起国家和被攻击国家的排名及数目。配合第一条的网站，可以让小学生们坚信&lt;strong style=&quot;margin: 0px; padding: 0px; outline: none;&quot;&gt;你就是大隐隐于市的世外高人，翻手为云覆手为雨的特工大大&lt;/strong&gt;！PS: 这网站我盯了一下午都不觉得无聊！&lt;/p&gt;&lt;p&gt;&lt;br/&gt;&lt;/p&gt;', '这样才能吸引小学生们的关注！如果你还有条件，请穿上三天没洗的白背心，一条肥大的短裤和一双夹脚拖鞋，嘴里最好叼只最便宜的香烟，哦对了，一副眼镜和油腻的头发也是必须的，这些会让你看起来更像某个隐居的特工高手，说不定已经有小学生芳心暗许，准备拜你为师', 1413944337, 1413944337, 'publish', '', '美文', 56, 0, 0, 1, '', 0),
(12, 4, 100001, '人生在世至少要执著一事《一絃琴》', '&lt;p style=&quot;margin-top: 0.5em; margin-bottom: 0.5em; padding: 0px; outline: none; text-indent: 2em; color: rgb(51, 51, 51); font-family: arial, &amp;#39;Hiragino Sans GB&amp;#39;, &amp;#39;Microsoft Yahei&amp;#39;, 微软雅黑, 宋体, 宋体, Tahoma, Arial, Helvetica, STHeiti; line-height: 32px; white-space: normal; background-color: rgb(255, 255, 255);&quot;&gt;&lt;img src=&quot;/ueditor/php/upload/image/20141027/1414388230244828.jpg&quot; title=&quot;1414388230244828.jpg&quot; alt=&quot;public-bg9.jpg&quot;/&gt;&lt;/p&gt;&lt;p style=&quot;margin-top: 0.5em; margin-bottom: 0.5em; padding: 0px; outline: none; text-indent: 2em; color: rgb(51, 51, 51); font-family: arial, &amp;#39;Hiragino Sans GB&amp;#39;, &amp;#39;Microsoft Yahei&amp;#39;, 微软雅黑, 宋体, 宋体, Tahoma, Arial, Helvetica, STHeiti; line-height: 32px; white-space: normal; background-color: rgb(255, 255, 255);&quot;&gt;看完本作后我的最大感想便是——人生在世至少要有一项执著之事，若对任何事都不执著，这样的人生委实无趣。&lt;/p&gt;&lt;p style=&quot;margin-top: 0.5em; margin-bottom: 0.5em; padding: 0px; outline: none; text-indent: 2em; color: rgb(51, 51, 51); font-family: arial, &amp;#39;Hiragino Sans GB&amp;#39;, &amp;#39;Microsoft Yahei&amp;#39;, 微软雅黑, 宋体, 宋体, Tahoma, Arial, Helvetica, STHeiti; line-height: 32px; white-space: normal; background-color: rgb(255, 255, 255);&quot;&gt;故事主要讲述了两个为一弦琴而羁绊一生的女子，先来说苗，从小受祖母袖的隐忍教育长大，在五岁的时候被旅行画师演奏的琴声感动，立志学习一弦琴，在宇平琴塾的日子，是苗快速成长的时期，与年龄不相称的琴技常让旁人赞叹，这个时候的苗也正处于内心骄傲惭惭抬头之际，直到在宇平师父一周年忌的弹奏会上听到盲人琴师有伯一曲《枯野》，受到莫大震动，从而决心拜在有伯门下，入门时受到了一些小挫折，但几番坚持之下终被接纳，在有伯的教育下，苗对一弦琴有了更深层次的认识，同时亦对性格孤僻的有伯师父产生了少女的情愫，然而当有伯因病急逝，恩师下女对其倾诉已经怀有师父的骨肉，感觉自己的情感被沾污大受打击，随后决定从此不再弹奏一弦琴，苗经历了一次不幸福的婚姻之后，在第二任丈夫的鼓励下重拾古琴，并开办了一弦琴塾，眼见事业蒸蒸日上，苗渐渐走出了过去的阴霾，解开了心结。&lt;/p&gt;&lt;p style=&quot;margin-top: 0.5em; margin-bottom: 0.5em; padding: 0px; outline: none; text-indent: 2em; color: rgb(51, 51, 51); font-family: arial, &amp;#39;Hiragino Sans GB&amp;#39;, &amp;#39;Microsoft Yahei&amp;#39;, 微软雅黑, 宋体, 宋体, Tahoma, Arial, Helvetica, STHeiti; line-height: 32px; white-space: normal; background-color: rgb(255, 255, 255);&quot;&gt;这时候，八岁的兰子前来学艺，天资聪惠的她进步神速，年纪轻轻便拥有众人赞叹的琴技，同时受到其祖母的教育影响，让她显得高雅而矜持，仿佛从一开始就注定她前程似绵的人生道路，在苗夫妻膝下无子女的情况下，理所当然地被视为市桥琴塾的第二代接班人，但在苗的心底却不太喜欢这个过于完美的兰子，力排众议之下苗领养了一个婴孩，并在众人面前宣布市桥琴塾将由这个婴儿来继承，听到此消息，兰子如五雷轰顶般呆若木鸡，从此以后，离开琴塾，不再接触一弦琴，直到在她六十一岁之际，苗的女儿稻子登门拜访，推荐其演奏一弦琴进行电台录制。&lt;/p&gt;&lt;p style=&quot;margin-top: 0.5em; margin-bottom: 0.5em; padding: 0px; outline: none; text-indent: 2em; color: rgb(51, 51, 51); font-family: arial, &amp;#39;Hiragino Sans GB&amp;#39;, &amp;#39;Microsoft Yahei&amp;#39;, 微软雅黑, 宋体, 宋体, Tahoma, Arial, Helvetica, STHeiti; line-height: 32px; white-space: normal; background-color: rgb(255, 255, 255);&quot;&gt;其实想来，为何苗会排斥兰子，除了认为兰子对一弦琴的认知还没有到纯粹的地步，有些过于浮华，更深层次的原因，也正是因为两人有着惊人的相似之处，所谓同极相斥，苗从兰子身上看到了自己性格中弯扭的成分，可能也含有着一些妒忌的元素在内，自己是那样的隐忍，对能够重拾一弦琴抱着感恩之心，而兰子似乎理所当然，赢得所有人的赞赏，尤其是自己的丈夫也对兰子抱有特殊的好感，苗用敏锐的女人心捕捉到这一点后便再也无法释然，最终做出了那样的决定，对兰子来说，无疑是极为残酷的当头重击，真的有点残忍。&lt;/p&gt;&lt;p style=&quot;margin-top: 0.5em; margin-bottom: 0.5em; padding: 0px; outline: none; text-indent: 2em; color: rgb(51, 51, 51); font-family: arial, &amp;#39;Hiragino Sans GB&amp;#39;, &amp;#39;Microsoft Yahei&amp;#39;, 微软雅黑, 宋体, 宋体, Tahoma, Arial, Helvetica, STHeiti; line-height: 32px; white-space: normal; background-color: rgb(255, 255, 255);&quot;&gt;我本来对兰子这个人物不太喜欢，为什么呢？除了对兰子那种与生俱来我必高人一等的优等生反感以外，更有不愿见他人好的小人心态作祟，这样的青莲务必要到污泥里泡泡，才算是一切完满，估计差不多就是这种心思吧？但看到后来，兰子重拾一弦琴，对一弦琴有了更深刻的认知，并且在人生的晚景突然迎来可以对苗师父进行反击的机会，那种依旧愤愤不平的情感，和终于得到圆形图章绝世好琴的感动，百转千回，仿佛一切皆为补偿当年的缺憾而来，让我对这个人物有了别样的好感，甚至几度眼睛湿润，人无完人，我开始喜欢兰子的这种性格和执拗，能贯彻一生这也真是殊为不易呐！&lt;/p&gt;&lt;p style=&quot;margin-top: 0.5em; margin-bottom: 0.5em; padding: 0px; outline: none; text-indent: 2em; color: rgb(51, 51, 51); font-family: arial, &amp;#39;Hiragino Sans GB&amp;#39;, &amp;#39;Microsoft Yahei&amp;#39;, 微软雅黑, 宋体, 宋体, Tahoma, Arial, Helvetica, STHeiti; line-height: 32px; white-space: normal; background-color: rgb(255, 255, 255);&quot;&gt;听说作者宫尾登美子是看了谷崎润一郎的《细雪》而大受感动，从而走上写作之路，我尚没有看过谷崎的小说，但两者之间肯定有着相近的风格，但我也可以肯定，宫尾的小说有着她自己强烈的个人风格，而非单纯的模仿与复制，从她的字里行间，平静当中藏着波澜，有着名家的大气，在感动之余，也予人以美的享受，这才真正、好的小说，五星之，必须的。（《一絃琴》书评/deep）&lt;/p&gt;&lt;p&gt;&lt;br/&gt;&lt;/p&gt;', '故事主要讲述了两个为一弦琴而羁绊一生的女子，先来说苗，从小', 1413944396, 1414388238, 'sketch', '', '美文', 13, 0, 0, 1, '', 0);
INSERT INTO `blogs` (`id`, `cid`, `uid`, `title`, `content`, `description`, `addtime`, `uptime`, `status`, `image`, `tags`, `read`, `comment`, `is_private`, `allow_review`, `author`, `is_focus`) VALUES
(13, 5, 100001, '如果张柏芝嫁给贝克汉姆，会幸福么？', '&lt;p&gt;&lt;img src=&quot;/ueditor/php/upload/image/20141022/1413960107615252.jpg&quot; style=&quot;margin: auto; padding: 0px; outline: none; border: 0px; display: block; max-width: 560px; color: rgb(51, 51, 51); font-family: arial, &amp;#39;Hiragino Sans GB&amp;#39;, &amp;#39;Microsoft Yahei&amp;#39;, 微软雅黑, 宋体, 宋体, Tahoma, Arial, Helvetica, STHeiti; line-height: 32px; white-space: normal; background-color: rgb(255, 255, 255);&quot;/&gt;&lt;br style=&quot;margin: 0px; padding: 0px; outline: none; color: rgb(51, 51, 51); font-family: arial, &amp;#39;Hiragino Sans GB&amp;#39;, &amp;#39;Microsoft Yahei&amp;#39;, 微软雅黑, 宋体, 宋体, Tahoma, Arial, Helvetica, STHeiti; line-height: 32px; white-space: normal; background-color: rgb(255, 255, 255);&quot;/&gt;&lt;/p&gt;&lt;p style=&quot;margin-top: 0.5em; margin-bottom: 0.5em; padding: 0px; outline: none; text-indent: 2em; color: rgb(51, 51, 51); font-family: arial, &amp;#39;Hiragino Sans GB&amp;#39;, &amp;#39;Microsoft Yahei&amp;#39;, 微软雅黑, 宋体, 宋体, Tahoma, Arial, Helvetica, STHeiti; line-height: 32px; white-space: normal; background-color: rgb(255, 255, 255);&quot;&gt;我的女朋友P嫁了个被大多数人羡慕的丈夫：长相对得住财产，财产对得住生活，生活对得住期望。只有一个毛病让她忿忿不平：大男子主义——P的丈夫从来不帮她拎包拖椅子，哪怕她挺着怀孕七个月的大肚子也得拿稳自己的包，他的口头禅是：“你见过XX(P丈夫的领导，一位年近六旬的省部级干部)给自己老婆拎包吗？”&lt;/p&gt;&lt;p style=&quot;margin-top: 0.5em; margin-bottom: 0.5em; padding: 0px; outline: none; text-indent: 2em; color: rgb(51, 51, 51); font-family: arial, &amp;#39;Hiragino Sans GB&amp;#39;, &amp;#39;Microsoft Yahei&amp;#39;, 微软雅黑, 宋体, 宋体, Tahoma, Arial, Helvetica, STHeiti; line-height: 32px; white-space: normal; background-color: rgb(255, 255, 255);&quot;&gt;所以，当习主席给第一夫人拎包的图片铺天盖地呼啸而来之后，P立刻理直气壮地挺直腰板，把包塞到丈夫手里：“主席在为老婆拎包。”&lt;/p&gt;&lt;p style=&quot;margin-top: 0.5em; margin-bottom: 0.5em; padding: 0px; outline: none; text-indent: 2em; color: rgb(51, 51, 51); font-family: arial, &amp;#39;Hiragino Sans GB&amp;#39;, &amp;#39;Microsoft Yahei&amp;#39;, 微软雅黑, 宋体, 宋体, Tahoma, Arial, Helvetica, STHeiti; line-height: 32px; white-space: normal; background-color: rgb(255, 255, 255);&quot;&gt;P的丈夫对着烫手山芋一样的包左看右看，再也找不出拒绝的理由，很勉强地接了，不情愿地弓着背走路——在他眼里，一个男人拎着女式包行走江湖，并不是什么倍儿有面子的事。&lt;/p&gt;&lt;p style=&quot;margin-top: 0.5em; margin-bottom: 0.5em; padding: 0px; outline: none; text-indent: 2em; color: rgb(51, 51, 51); font-family: arial, &amp;#39;Hiragino Sans GB&amp;#39;, &amp;#39;Microsoft Yahei&amp;#39;, 微软雅黑, 宋体, 宋体, Tahoma, Arial, Helvetica, STHeiti; line-height: 32px; white-space: normal; background-color: rgb(255, 255, 255);&quot;&gt;可是，P不一样，她觉得多年的抗争终于取得了阶段性胜利，拎包成了有划时代意义的重大事件，足以彰显男女平等，甚至，她一定要通过这件事证明自己在丈夫心目中的位置。于是，他们为包大人吵了很多无谓的架，一次剧烈的争吵后，P哭着转给我发一条微信，名叫《谢霆锋和贝克汉姆的区别》。&lt;/p&gt;&lt;p style=&quot;margin-top: 0.5em; margin-bottom: 0.5em; padding: 0px; outline: none; text-indent: 2em; color: rgb(51, 51, 51); font-family: arial, &amp;#39;Hiragino Sans GB&amp;#39;, &amp;#39;Microsoft Yahei&amp;#39;, 微软雅黑, 宋体, 宋体, Tahoma, Arial, Helvetica, STHeiti; line-height: 32px; white-space: normal; text-align: center; background-color: rgb(255, 255, 255);&quot;&gt;&lt;br/&gt;&lt;/p&gt;&lt;p style=&quot;margin-top: 0.5em; margin-bottom: 0.5em; padding: 0px; outline: none; text-indent: 2em; color: rgb(51, 51, 51); font-family: arial, &amp;#39;Hiragino Sans GB&amp;#39;, &amp;#39;Microsoft Yahei&amp;#39;, 微软雅黑, 宋体, 宋体, Tahoma, Arial, Helvetica, STHeiti; line-height: 32px; white-space: normal; background-color: rgb(255, 255, 255);&quot;&gt;这篇被点赞22255次，浏览超过100000次的热帖里说：一家人在一起时，张柏芝永远是抱小孩的那个，谢霆锋永远手插口袋，然后有个耳机；而小贝，永远抱着孩子，贝嫂则只负责貌美如花。&lt;/p&gt;&lt;p style=&quot;margin-top: 0.5em; margin-bottom: 0.5em; padding: 0px; outline: none; text-indent: 2em; color: rgb(51, 51, 51); font-family: arial, &amp;#39;Hiragino Sans GB&amp;#39;, &amp;#39;Microsoft Yahei&amp;#39;, 微软雅黑, 宋体, 宋体, Tahoma, Arial, Helvetica, STHeiti; line-height: 32px; white-space: normal; background-color: rgb(255, 255, 255);&quot;&gt;文章引用了一段马云的话：“当你对老婆千依百顺的时候，说明你已经成为一个有胸怀的男人；当你放下面子对老婆好的时候，说明你已经成为一个真正有担当的男人。”&lt;/p&gt;&lt;p style=&quot;margin-top: 0.5em; margin-bottom: 0.5em; padding: 0px; outline: none; text-indent: 2em; color: rgb(51, 51, 51); font-family: arial, &amp;#39;Hiragino Sans GB&amp;#39;, &amp;#39;Microsoft Yahei&amp;#39;, 微软雅黑, 宋体, 宋体, Tahoma, Arial, Helvetica, STHeiti; line-height: 32px; white-space: normal; background-color: rgb(255, 255, 255);&quot;&gt;可以想象，多少像P一样的女人被这段话深深打动，切齿转发。&lt;/p&gt;&lt;p style=&quot;margin-top: 0.5em; margin-bottom: 0.5em; padding: 0px; outline: none; text-indent: 2em; color: rgb(51, 51, 51); font-family: arial, &amp;#39;Hiragino Sans GB&amp;#39;, &amp;#39;Microsoft Yahei&amp;#39;, 微软雅黑, 宋体, 宋体, Tahoma, Arial, Helvetica, STHeiti; line-height: 32px; white-space: normal; background-color: rgb(255, 255, 255);&quot;&gt;只是，常识告诉我，一个再有胸怀的男人，也不会毫无理由地对老婆千依百顺，而社会最倡导的，往往正是实际最缺失的，比如，男女平等、拾金不昧、尊老爱幼、清正廉洁，假如这些现象和品质像空气一样稀松平常充盈周围，也用不着特地拎出来表彰，它自然而然形成约束的力量和社会的契约，要求绝大多数人遵守为荣违背为耻。&lt;/p&gt;&lt;p style=&quot;margin-top: 0.5em; margin-bottom: 0.5em; padding: 0px; outline: none; text-indent: 2em; color: rgb(51, 51, 51); font-family: arial, &amp;#39;Hiragino Sans GB&amp;#39;, &amp;#39;Microsoft Yahei&amp;#39;, 微软雅黑, 宋体, 宋体, Tahoma, Arial, Helvetica, STHeiti; line-height: 32px; white-space: normal; background-color: rgb(255, 255, 255);&quot;&gt;需要特别强调男女平等、男人照顾女人的社会，真实的状况往往都不是那么回事儿——至少，机会还没有特别均等吧。&lt;/p&gt;&lt;p style=&quot;margin-top: 0.5em; margin-bottom: 0.5em; padding: 0px; outline: none; text-indent: 2em; color: rgb(51, 51, 51); font-family: arial, &amp;#39;Hiragino Sans GB&amp;#39;, &amp;#39;Microsoft Yahei&amp;#39;, 微软雅黑, 宋体, 宋体, Tahoma, Arial, Helvetica, STHeiti; line-height: 32px; white-space: normal; background-color: rgb(255, 255, 255);&quot;&gt;第二个常识是：一个国家，一个时代，男人和女人相生相长，各项指标基本匹配，成熟度不会相差太大——也就是说，大男子主义的男人往往对应了依赖性十足的女人，抱孩子拉椅子的男人则呼应了自信独立的女人。&lt;/p&gt;&lt;p style=&quot;margin-top: 0.5em; margin-bottom: 0.5em; padding: 0px; outline: none; text-indent: 2em; color: rgb(51, 51, 51); font-family: arial, &amp;#39;Hiragino Sans GB&amp;#39;, &amp;#39;Microsoft Yahei&amp;#39;, 微软雅黑, 宋体, 宋体, Tahoma, Arial, Helvetica, STHeiti; line-height: 32px; white-space: normal; background-color: rgb(255, 255, 255);&quot;&gt;所以，即便把张柏芝换给贝克汉姆，孩子可能还是归她抱；如果把维多利亚换给谢霆锋，那个扮酷塞耳机的人或许就倒了个个儿。&lt;/p&gt;&lt;p style=&quot;margin-top: 0.5em; margin-bottom: 0.5em; padding: 0px; outline: none; text-indent: 2em; color: rgb(51, 51, 51); font-family: arial, &amp;#39;Hiragino Sans GB&amp;#39;, &amp;#39;Microsoft Yahei&amp;#39;, 微软雅黑, 宋体, 宋体, Tahoma, Arial, Helvetica, STHeiti; line-height: 32px; white-space: normal; background-color: rgb(255, 255, 255);&quot;&gt;一对男女用什么样的方式沟通，取决于彼此对自己和对方的要求，以及社会的普遍价值观。&lt;/p&gt;&lt;p style=&quot;margin-top: 0.5em; margin-bottom: 0.5em; padding: 0px; outline: none; text-indent: 2em; color: rgb(51, 51, 51); font-family: arial, &amp;#39;Hiragino Sans GB&amp;#39;, &amp;#39;Microsoft Yahei&amp;#39;, 微软雅黑, 宋体, 宋体, Tahoma, Arial, Helvetica, STHeiti; line-height: 32px; white-space: normal; background-color: rgb(255, 255, 255);&quot;&gt;比如维多利亚，看着她的酷劲儿，怎么也想象不出她聚拢一圈闺蜜，叨逼叨老公，剖析情感，掰扯孩子的样子——虽然她有四个孩子，她的注意力，似乎绝大多数在自己身上。&lt;/p&gt;&lt;p style=&quot;margin-top: 0.5em; margin-bottom: 0.5em; padding: 0px; outline: none; text-indent: 2em; color: rgb(51, 51, 51); font-family: arial, &amp;#39;Hiragino Sans GB&amp;#39;, &amp;#39;Microsoft Yahei&amp;#39;, 微软雅黑, 宋体, 宋体, Tahoma, Arial, Helvetica, STHeiti; line-height: 32px; white-space: normal; background-color: rgb(255, 255, 255);&quot;&gt;她关注自己美不美，衣服穿得够不够狗仔队随时360度无死角跟拍。&lt;/p&gt;&lt;p style=&quot;margin-top: 0.5em; margin-bottom: 0.5em; padding: 0px; outline: none; text-indent: 2em; color: rgb(51, 51, 51); font-family: arial, &amp;#39;Hiragino Sans GB&amp;#39;, &amp;#39;Microsoft Yahei&amp;#39;, 微软雅黑, 宋体, 宋体, Tahoma, Arial, Helvetica, STHeiti; line-height: 32px; white-space: normal; background-color: rgb(255, 255, 255);&quot;&gt;她关注自己事业好不好，以及怎样与小贝保持同样的步速。当小贝还是个普通球员时，她是流行乐巨星，他不远万里飞到美国，仅仅为了在达拉斯机场贵宾间与她见面；小贝如日中天之后，她也没有露怯，亲手打造他的时尚品味，助力他成为世界上最成功的体育娱乐明星，他俩一起推出自创时尚品牌dVb，今年6月，夫妻俩在纽约萨克斯第五大道百货公司为自家品牌店dVb主持开售仪式，这对夫妻捆绑着全力进攻高端时尚界。&lt;/p&gt;&lt;p style=&quot;margin-top: 0.5em; margin-bottom: 0.5em; padding: 0px; outline: none; text-indent: 2em; color: rgb(51, 51, 51); font-family: arial, &amp;#39;Hiragino Sans GB&amp;#39;, &amp;#39;Microsoft Yahei&amp;#39;, 微软雅黑, 宋体, 宋体, Tahoma, Arial, Helvetica, STHeiti; line-height: 32px; white-space: normal; background-color: rgb(255, 255, 255);&quot;&gt;她关注自己的闺密圈，和卡梅隆·迪亚兹、凯蒂·霍尔姆斯交流穿衣经，毫不客气地要求手帕交穿自家品牌衣服出镜。人以群分，她这两个闺蜜，前一个年过四十依旧拥有好莱坞最令人羡慕的美腿，和比自己小的潮男与银行家恋爱；后一个，主动提出与世界上最有名的丈夫汤姆·克鲁斯离婚，因为不再想负担没有自我的婚姻。&lt;/p&gt;&lt;p style=&quot;margin-top: 0.5em; margin-bottom: 0.5em; padding: 0px; outline: none; text-indent: 2em; color: rgb(51, 51, 51); font-family: arial, &amp;#39;Hiragino Sans GB&amp;#39;, &amp;#39;Microsoft Yahei&amp;#39;, 微软雅黑, 宋体, 宋体, Tahoma, Arial, Helvetica, STHeiti; line-height: 32px; white-space: normal; background-color: rgb(255, 255, 255);&quot;&gt;甚至，2005年，她同样遭受了小贝出轨的重创，全世界的女粉丝都准备看她的笑话。只是，她既没有“且行且珍惜”，也没有“心情很复杂”，她收了丈夫100万英镑的道歉粉色钻戒，接受《W》杂志专访直截了当谈起曾经让自己生不如死的情敌，表示一切都过去了，最后的赢家有目共睹，然后，拉着小贝拍了一组大尺度性感写真。&lt;/p&gt;&lt;p style=&quot;margin-top: 0.5em; margin-bottom: 0.5em; padding: 0px; outline: none; text-indent: 2em; color: rgb(51, 51, 51); font-family: arial, &amp;#39;Hiragino Sans GB&amp;#39;, &amp;#39;Microsoft Yahei&amp;#39;, 微软雅黑, 宋体, 宋体, Tahoma, Arial, Helvetica, STHeiti; line-height: 32px; white-space: normal; background-color: rgb(255, 255, 255);&quot;&gt;这个女人真正的酷，不是穿0号礼服凹造型，而是对生活充满掌握能力之后内心的笃定和举止的利落。&lt;/p&gt;&lt;p style=&quot;margin-top: 0.5em; margin-bottom: 0.5em; padding: 0px; outline: none; text-indent: 2em; color: rgb(51, 51, 51); font-family: arial, &amp;#39;Hiragino Sans GB&amp;#39;, &amp;#39;Microsoft Yahei&amp;#39;, 微软雅黑, 宋体, 宋体, Tahoma, Arial, Helvetica, STHeiti; line-height: 32px; white-space: normal; background-color: rgb(255, 255, 255);&quot;&gt;所以，小贝说：“即便维多利亚是个普通售货女郎，我也同样爱她。”没错，在西方的价值观下，为这样的女人拎个包抱个娃又算得了什么呢？&lt;/p&gt;&lt;p style=&quot;margin-top: 0.5em; margin-bottom: 0.5em; padding: 0px; outline: none; text-indent: 2em; color: rgb(51, 51, 51); font-family: arial, &amp;#39;Hiragino Sans GB&amp;#39;, &amp;#39;Microsoft Yahei&amp;#39;, 微软雅黑, 宋体, 宋体, Tahoma, Arial, Helvetica, STHeiti; line-height: 32px; white-space: normal; background-color: rgb(255, 255, 255);&quot;&gt;而张柏芝，婚后的她真的低到了尘埃里，几乎放弃了所有光环，亦步亦趋跟在谢霆锋身后。可是，有多少男人愿意从土里挖出一个女人供在案头，尊重她、呵护她、宠爱她、包容她？&lt;/p&gt;&lt;p style=&quot;margin-top: 0.5em; margin-bottom: 0.5em; padding: 0px; outline: none; text-indent: 2em; color: rgb(51, 51, 51); font-family: arial, &amp;#39;Hiragino Sans GB&amp;#39;, &amp;#39;Microsoft Yahei&amp;#39;, 微软雅黑, 宋体, 宋体, Tahoma, Arial, Helvetica, STHeiti; line-height: 32px; white-space: normal; background-color: rgb(255, 255, 255);&quot;&gt;婚姻不是做慈善。&lt;/p&gt;&lt;p style=&quot;margin-top: 0.5em; margin-bottom: 0.5em; padding: 0px; outline: none; text-indent: 2em; color: rgb(51, 51, 51); font-family: arial, &amp;#39;Hiragino Sans GB&amp;#39;, &amp;#39;Microsoft Yahei&amp;#39;, 微软雅黑, 宋体, 宋体, Tahoma, Arial, Helvetica, STHeiti; line-height: 32px; white-space: normal; background-color: rgb(255, 255, 255);&quot;&gt;我问我的朋友P，真发给你一个贝克汉姆，你拿什么回报人家？你一直就是个小媳妇儿呀！&lt;/p&gt;&lt;p style=&quot;margin-top: 0.5em; margin-bottom: 0.5em; padding: 0px; outline: none; text-indent: 2em; color: rgb(51, 51, 51); font-family: arial, &amp;#39;Hiragino Sans GB&amp;#39;, &amp;#39;Microsoft Yahei&amp;#39;, 微软雅黑, 宋体, 宋体, Tahoma, Arial, Helvetica, STHeiti; line-height: 32px; white-space: normal; background-color: rgb(255, 255, 255);&quot;&gt;我从手机里都能感觉到她丢过来的白眼，可是，为了她的幸福我还是决定做个未必讨喜的诤友：“你现在锦衣玉食的生活是你凭借一己之力获得的吗？你也没准备在工作上出人头地自立自强啊？哦，对了，上个月你爸买房你老公不才送了全套装修基金？还有，下次吃饭别老跟我说你孩子行吗？你看到的那些成功人士身边的家庭妇女，大多是一起笑傲江湖之后的归隐，或者你耕田来我织布的责任分工，人家不是不劳而获。”&lt;/p&gt;&lt;p style=&quot;margin-top: 0.5em; margin-bottom: 0.5em; padding: 0px; outline: none; text-indent: 2em; color: rgb(51, 51, 51); font-family: arial, &amp;#39;Hiragino Sans GB&amp;#39;, &amp;#39;Microsoft Yahei&amp;#39;, 微软雅黑, 宋体, 宋体, Tahoma, Arial, Helvetica, STHeiti; line-height: 32px; white-space: normal; background-color: rgb(255, 255, 255);&quot;&gt;P看在我们十年友情的份上才没有扔我电话，只是沉默。&lt;/p&gt;&lt;p style=&quot;margin-top: 0.5em; margin-bottom: 0.5em; padding: 0px; outline: none; text-indent: 2em; color: rgb(51, 51, 51); font-family: arial, &amp;#39;Hiragino Sans GB&amp;#39;, &amp;#39;Microsoft Yahei&amp;#39;, 微软雅黑, 宋体, 宋体, Tahoma, Arial, Helvetica, STHeiti; line-height: 32px; white-space: normal; background-color: rgb(255, 255, 255);&quot;&gt;我轻轻地跟她说：“你选择了一个中国式男人，享受了他的庇护和供养，再要求西方式的平等，就过了。与西方式平等匹配的，是西方式精神的独立和行为的自立，这个你没有，也没想有，所以，别人留给你的平等也不会多。”&lt;/p&gt;&lt;p style=&quot;margin-top: 0.5em; margin-bottom: 0.5em; padding: 0px; outline: none; text-indent: 2em; color: rgb(51, 51, 51); font-family: arial, &amp;#39;Hiragino Sans GB&amp;#39;, &amp;#39;Microsoft Yahei&amp;#39;, 微软雅黑, 宋体, 宋体, Tahoma, Arial, Helvetica, STHeiti; line-height: 32px; white-space: normal; background-color: rgb(255, 255, 255);&quot;&gt;中国式男人与中国式女人配合默契地当了五千年大老爷们和小媳妇儿，突然让人家180度转弯去拎包抱孩子，从小谢变小贝，由走兽成家禽，难度太大，再说了，这么多年的价值观熏陶出来的夫妻模式，也未必不幸福。&lt;/p&gt;&lt;p style=&quot;margin-top: 0.5em; margin-bottom: 0.5em; padding: 0px; outline: none; text-indent: 2em; color: rgb(51, 51, 51); font-family: arial, &amp;#39;Hiragino Sans GB&amp;#39;, &amp;#39;Microsoft Yahei&amp;#39;, 微软雅黑, 宋体, 宋体, Tahoma, Arial, Helvetica, STHeiti; line-height: 32px; white-space: normal; background-color: rgb(255, 255, 255);&quot;&gt;所以，中国式的女人在情感热线、专栏、闺蜜聚会等等力所能及的各个场所，不遗余力地把话题切换到“男人”这个永恒的频道。可是，男人不一样，他们的乐趣很多在于自我、事业和生活本身，不管他们承认不承认，在解决好下半身问题之后，绝大多数都可以自己活成一个圆。&lt;/p&gt;&lt;p style=&quot;margin-top: 0.5em; margin-bottom: 0.5em; padding: 0px; outline: none; text-indent: 2em; color: rgb(51, 51, 51); font-family: arial, &amp;#39;Hiragino Sans GB&amp;#39;, &amp;#39;Microsoft Yahei&amp;#39;, 微软雅黑, 宋体, 宋体, Tahoma, Arial, Helvetica, STHeiti; line-height: 32px; white-space: normal; background-color: rgb(255, 255, 255);&quot;&gt;而女人，宁愿不解决下半身问题，来一场无性婚姻的行为艺术，也要傍着个男人心里才扎实。&lt;/p&gt;&lt;p style=&quot;margin-top: 0.5em; margin-bottom: 0.5em; padding: 0px; outline: none; text-indent: 2em; color: rgb(51, 51, 51); font-family: arial, &amp;#39;Hiragino Sans GB&amp;#39;, &amp;#39;Microsoft Yahei&amp;#39;, 微软雅黑, 宋体, 宋体, Tahoma, Arial, Helvetica, STHeiti; line-height: 32px; white-space: normal; background-color: rgb(255, 255, 255);&quot;&gt;我的朋友十二说婚姻中最让人愉悦的状态就是“你高兴，我随意”。&lt;/p&gt;&lt;p style=&quot;margin-top: 0.5em; margin-bottom: 0.5em; padding: 0px; outline: none; text-indent: 2em; color: rgb(51, 51, 51); font-family: arial, &amp;#39;Hiragino Sans GB&amp;#39;, &amp;#39;Microsoft Yahei&amp;#39;, 微软雅黑, 宋体, 宋体, Tahoma, Arial, Helvetica, STHeiti; line-height: 32px; white-space: normal; background-color: rgb(255, 255, 255);&quot;&gt;是啊，只要你高兴了，我随意了，何必苛求谁抱孩子谁拎包呢？何必苛求他是小谢还是小贝呢？&lt;/p&gt;&lt;p style=&quot;margin-top: 0.5em; margin-bottom: 0.5em; padding: 0px; outline: none; text-indent: 2em; color: rgb(51, 51, 51); font-family: arial, &amp;#39;Hiragino Sans GB&amp;#39;, &amp;#39;Microsoft Yahei&amp;#39;, 微软雅黑, 宋体, 宋体, Tahoma, Arial, Helvetica, STHeiti; line-height: 32px; white-space: normal; background-color: rgb(255, 255, 255);&quot;&gt;我们在这儿热烈讨论中国式男人的时候，人家该干嘛干嘛，活得爽气得很呢。（来源/新浪微博，文/李筱懿）&lt;/p&gt;&lt;p&gt;&lt;br/&gt;&lt;/p&gt;', '我的女朋友P嫁了个被大多数人羡慕的丈夫：长相对得住财产，财产对得住生活，生活对得住期望。只有一个毛病让她忿忿不平：大男子主义——P的丈夫从来不帮她拎包拖椅子，哪怕她挺着怀孕七个月的大肚子也得拿稳自己的包，他的口头禅是：“你见过XX(P丈夫的领导，一位年近', 1413961226, 1414043514, 'publish', '/ueditor/php/upload/image/20141022/1413960107615252.jpg', '美文', 16, 0, 0, 1, '', 1),
(17, 4, 100001, '所谓会说话，就是会换位思考', '&lt;p&gt;&lt;img src=&quot;http://www.nuannian.com/files/article/14/1022/1413945902.jpg&quot; style=&quot;margin: auto; padding: 0px; outline: none; border: 0px; display: block; max-width: 560px; color: rgb(51, 51, 51); font-family: arial, &amp;#39;Hiragino Sans GB&amp;#39;, &amp;#39;Microsoft Yahei&amp;#39;, 微软雅黑, 宋体, 宋体, Tahoma, Arial, Helvetica, STHeiti; line-height: 32px; white-space: normal; background-color: rgb(255, 255, 255);&quot;/&gt;&lt;br style=&quot;margin: 0px; padding: 0px; outline: none; color: rgb(51, 51, 51); font-family: arial, &amp;#39;Hiragino Sans GB&amp;#39;, &amp;#39;Microsoft Yahei&amp;#39;, 微软雅黑, 宋体, 宋体, Tahoma, Arial, Helvetica, STHeiti; line-height: 32px; white-space: normal; background-color: rgb(255, 255, 255);&quot;/&gt;&lt;/p&gt;&lt;p style=&quot;margin-top: 0.5em; margin-bottom: 0.5em; padding: 0px; outline: none; text-indent: 2em; color: rgb(51, 51, 51); font-family: arial, &amp;#39;Hiragino Sans GB&amp;#39;, &amp;#39;Microsoft Yahei&amp;#39;, 微软雅黑, 宋体, 宋体, Tahoma, Arial, Helvetica, STHeiti; line-height: 32px; white-space: normal; background-color: rgb(255, 255, 255);&quot;&gt;人和人的差距，你不去仔细琢磨，是没法发现的。&lt;/p&gt;&lt;p style=&quot;margin-top: 0.5em; margin-bottom: 0.5em; padding: 0px; outline: none; text-indent: 2em; color: rgb(51, 51, 51); font-family: arial, &amp;#39;Hiragino Sans GB&amp;#39;, &amp;#39;Microsoft Yahei&amp;#39;, 微软雅黑, 宋体, 宋体, Tahoma, Arial, Helvetica, STHeiti; line-height: 32px; white-space: normal; background-color: rgb(255, 255, 255);&quot;&gt;你以为大家智商差不多，你只是缺个机会，但有些时候，可能真的不是这样子。假期我就遇见这么一件事儿。&lt;/p&gt;&lt;p style=&quot;margin-top: 0.5em; margin-bottom: 0.5em; padding: 0px; outline: none; text-indent: 2em; color: rgb(51, 51, 51); font-family: arial, &amp;#39;Hiragino Sans GB&amp;#39;, &amp;#39;Microsoft Yahei&amp;#39;, 微软雅黑, 宋体, 宋体, Tahoma, Arial, Helvetica, STHeiti; line-height: 32px; white-space: normal; background-color: rgb(255, 255, 255);&quot;&gt;孩子一岁半了，一直是由岳母照顾，国庆节我岳母回老家休息，她电话问我们孩子照顾得怎样，我们如实相告。通话的过程信号不好，电话断了。这时候，在旁边来找我玩的同学提醒我们说，你电话里别说照顾得好，也别说照顾得差，要说你快回来吧，孩子不如平时好。我心说，和家人说话干嘛还不照实际说呢，于是礼貌性地问了一句为啥，她接下来的话让我很震惊。&lt;/p&gt;&lt;p style=&quot;margin-top: 0.5em; margin-bottom: 0.5em; padding: 0px; outline: none; text-indent: 2em; color: rgb(51, 51, 51); font-family: arial, &amp;#39;Hiragino Sans GB&amp;#39;, &amp;#39;Microsoft Yahei&amp;#39;, 微软雅黑, 宋体, 宋体, Tahoma, Arial, Helvetica, STHeiti; line-height: 32px; white-space: normal; background-color: rgb(255, 255, 255);&quot;&gt;她说：你说好，她除了为孩子高兴外，会有挫败感，因为她照顾得不如你们好啊。你说差，她会为这孩子着急，觉得我这回家真不是时候。你说不如平时，一来表示孩子没事，二来表示你们不如她，这样她来给你们带孩子会很高兴，很有主人翁的感觉。&lt;/p&gt;&lt;p style=&quot;margin-top: 0.5em; margin-bottom: 0.5em; padding: 0px; outline: none; text-indent: 2em; color: rgb(51, 51, 51); font-family: arial, &amp;#39;Hiragino Sans GB&amp;#39;, &amp;#39;Microsoft Yahei&amp;#39;, 微软雅黑, 宋体, 宋体, Tahoma, Arial, Helvetica, STHeiti; line-height: 32px; white-space: normal; text-align: center; background-color: rgb(255, 255, 255);&quot;&gt;&lt;br/&gt;&lt;/p&gt;&lt;p style=&quot;margin-top: 0.5em; margin-bottom: 0.5em; padding: 0px; outline: none; text-indent: 2em; color: rgb(51, 51, 51); font-family: arial, &amp;#39;Hiragino Sans GB&amp;#39;, &amp;#39;Microsoft Yahei&amp;#39;, 微软雅黑, 宋体, 宋体, Tahoma, Arial, Helvetica, STHeiti; line-height: 32px; white-space: normal; background-color: rgb(255, 255, 255);&quot;&gt;我当时第一反应是我岳母是属于那种真心爱孩子的老人，所以这个方法不能照搬，也不适合我们。但是这不到30秒钟发生的事情，却让我不得不思考一下自己做人做事的方法。你别管别人是不是有心机，同学这个意识就是很牛逼。在我们看来，这事儿很小，都不会想怎么说，说什么，但是她的即时反应就跟我们不一样。这其实就是站在别人的角度思考问题的典范，通常我们用这种换位思考产生同情心和理解别人，但是在这里同学比这个理解别人又递进了一步，她利用了这点。强化这个思维方法的首要的好处在于，一旦你有这种意识，就会有意识管住自己的嘴。&lt;/p&gt;&lt;p style=&quot;margin-top: 0.5em; margin-bottom: 0.5em; padding: 0px; outline: none; text-indent: 2em; color: rgb(51, 51, 51); font-family: arial, &amp;#39;Hiragino Sans GB&amp;#39;, &amp;#39;Microsoft Yahei&amp;#39;, 微软雅黑, 宋体, 宋体, Tahoma, Arial, Helvetica, STHeiti; line-height: 32px; white-space: normal; background-color: rgb(255, 255, 255);&quot;&gt;比如说，我自己说话直来直去，绕弯子比较少。这个算优点也算缺点，当你不是出于坦诚而是因为想得少的时候，这就是缺点。说话不从听的人的反应出发，那就会毁掉很多交流的契机。换句话说，我自己并没有把换位思考作为一种工具来频繁使用。那么意识到这一点，下一次讲话的时候，我就要想一下我说的话会对听的人产生何种影响，这个影响会不会带来别人不好的反应，比如情绪变坏，或者由于语义的不明晰令人产生误解呢，这都是值得考虑的事情。&lt;/p&gt;&lt;p style=&quot;margin-top: 0.5em; margin-bottom: 0.5em; padding: 0px; outline: none; text-indent: 2em; color: rgb(51, 51, 51); font-family: arial, &amp;#39;Hiragino Sans GB&amp;#39;, &amp;#39;Microsoft Yahei&amp;#39;, 微软雅黑, 宋体, 宋体, Tahoma, Arial, Helvetica, STHeiti; line-height: 32px; white-space: normal; background-color: rgb(255, 255, 255);&quot;&gt;当你说话不再只是图自己嘴巴的一时痛快，那用佛教徒的语言来说，不知道少造多少口业。我记得很久以前，听人讲佛教的时候，我产生了一个困惑，那时候听说一些高僧大德会神通，对于普通人而言，这种东西是非常神奇的，因此我总是会问一些比我更了解佛教的人关于神通的问题。可是这种东西太超出一般人的经验范畴了，因此当我问这些问题的时候，实际上听众之中必然会有人因为觉得这些事情离谱，从而对佛教徒产生误解甚至排斥和嘲笑。而这一切只是因为我不了解的情况下，谈论了这种我没有见识过的东西。我因为好奇而说话，反而可能使一部分人对一个宗教产生误解，这罪过算是大了。&lt;/p&gt;&lt;p style=&quot;margin-top: 0.5em; margin-bottom: 0.5em; padding: 0px; outline: none; text-indent: 2em; color: rgb(51, 51, 51); font-family: arial, &amp;#39;Hiragino Sans GB&amp;#39;, &amp;#39;Microsoft Yahei&amp;#39;, 微软雅黑, 宋体, 宋体, Tahoma, Arial, Helvetica, STHeiti; line-height: 32px; white-space: normal; background-color: rgb(255, 255, 255);&quot;&gt;我们普通人虽然没必要凡事都这么谨慎地考虑，但是说话前过过脑子总是没有错。我们常听一些前辈说：少说话，多做事；更老的前辈还说：三思而后行。都在告诉你要“慎言谨行”。&lt;/p&gt;&lt;p style=&quot;margin-top: 0.5em; margin-bottom: 0.5em; padding: 0px; outline: none; text-indent: 2em; color: rgb(51, 51, 51); font-family: arial, &amp;#39;Hiragino Sans GB&amp;#39;, &amp;#39;Microsoft Yahei&amp;#39;, 微软雅黑, 宋体, 宋体, Tahoma, Arial, Helvetica, STHeiti; line-height: 32px; white-space: normal; background-color: rgb(255, 255, 255);&quot;&gt;慎言的更高一层是巧言。虽然《论语》里批评说：巧言令色鲜矣仁。但是可能我要表达的和这个还不太一样。论语关于如何说话，还有另外半句话叫“未见颜色而言谓之瞽”，就是说跟长辈们说话，也是要看人脸色，不然和瞎子有啥区别，我认为这种察言观色就是巧言。你电话里虽然看不到对方脸色，但是讲一点好听话，还是没错。曾国藩也说了，“事亲以媚字为要”。从世俗的角度看，这样说他们高兴，干嘛不这样说呢？&lt;/p&gt;&lt;p style=&quot;margin-top: 0.5em; margin-bottom: 0.5em; padding: 0px; outline: none; text-indent: 2em; color: rgb(51, 51, 51); font-family: arial, &amp;#39;Hiragino Sans GB&amp;#39;, &amp;#39;Microsoft Yahei&amp;#39;, 微软雅黑, 宋体, 宋体, Tahoma, Arial, Helvetica, STHeiti; line-height: 32px; white-space: normal; background-color: rgb(255, 255, 255);&quot;&gt;所以，想到生活和工作上，你稍微在语言上注意下，听的人立马产生不一样的反应，那快快乐乐让自己获益，让别人感觉开心，也是件不错的事情。同学这种意识，可以说关键时刻每一句话都不落空，人家不牛逼才怪啊。&lt;/p&gt;&lt;p style=&quot;margin-top: 0.5em; margin-bottom: 0.5em; padding: 0px; outline: none; text-indent: 2em; color: rgb(51, 51, 51); font-family: arial, &amp;#39;Hiragino Sans GB&amp;#39;, &amp;#39;Microsoft Yahei&amp;#39;, 微软雅黑, 宋体, 宋体, Tahoma, Arial, Helvetica, STHeiti; line-height: 32px; white-space: normal; background-color: rgb(255, 255, 255);&quot;&gt;而且当换位思考变成一种能力，你对很多事情的理解就不一样了，也许可能会由一个自私的人，变成不那么自私的人。这点转变也许就让你可能被人喜欢一点点，积少成多，最后真的会如老子所说“非以其无私耶，是以成其私”。你想一下，当你总是让人感觉愉快的时候，谁还会给你不愉快呢？找工作，谈朋友，做事情，几乎无一例外。&lt;/p&gt;&lt;p style=&quot;margin-top: 0.5em; margin-bottom: 0.5em; padding: 0px; outline: none; text-indent: 2em; color: rgb(51, 51, 51); font-family: arial, &amp;#39;Hiragino Sans GB&amp;#39;, &amp;#39;Microsoft Yahei&amp;#39;, 微软雅黑, 宋体, 宋体, Tahoma, Arial, Helvetica, STHeiti; line-height: 32px; white-space: normal; background-color: rgb(255, 255, 255);&quot;&gt;哎呀，真是“世事洞明皆学问，人情练达即文章”啊。（来源/人人小站，文/侠名）&lt;/p&gt;&lt;p&gt;&lt;br/&gt;&lt;/p&gt;', '人和人的差距，你不去仔细琢磨，是没法发现的。你以为大家智商差不多，你只是缺个机会，但有些时候，可能真的不是这样子。假期我就遇见', 1413961401, 1413961401, 'publish', 'http://www.nuannian.com/files/article/14/1022/1413945902.jpg', '日记', 32, 0, 0, 1, '', 0),
(21, 4, 100001, '把爱情献给爱情', '&lt;p&gt;&lt;img src=&quot;/ueditor/php/upload/image/20141022/1413962868603558.jpg&quot; style=&quot;margin: auto; padding: 0px; outline: none; border: 0px; display: block; max-width: 560px; color: rgb(51, 51, 51); font-family: arial, &amp;#39;Hiragino Sans GB&amp;#39;, &amp;#39;Microsoft Yahei&amp;#39;, 微软雅黑, 宋体, 宋体, Tahoma, Arial, Helvetica, STHeiti; line-height: 32px; white-space: normal; background-color: rgb(255, 255, 255);&quot;/&gt;&lt;br style=&quot;margin: 0px; padding: 0px; outline: none; color: rgb(51, 51, 51); font-family: arial, &amp;#39;Hiragino Sans GB&amp;#39;, &amp;#39;Microsoft Yahei&amp;#39;, 微软雅黑, 宋体, 宋体, Tahoma, Arial, Helvetica, STHeiti; line-height: 32px; white-space: normal; background-color: rgb(255, 255, 255);&quot;/&gt;&lt;/p&gt;&lt;p style=&quot;margin-top: 0.5em; margin-bottom: 0.5em; padding: 0px; outline: none; text-indent: 2em; color: rgb(51, 51, 51); font-family: arial, &amp;#39;Hiragino Sans GB&amp;#39;, &amp;#39;Microsoft Yahei&amp;#39;, 微软雅黑, 宋体, 宋体, Tahoma, Arial, Helvetica, STHeiti; line-height: 32px; white-space: normal; background-color: rgb(255, 255, 255);&quot;&gt;文&amp;nbsp;黄春&lt;/p&gt;&lt;p style=&quot;margin-top: 0.5em; margin-bottom: 0.5em; padding: 0px; outline: none; text-indent: 2em; color: rgb(51, 51, 51); font-family: arial, &amp;#39;Hiragino Sans GB&amp;#39;, &amp;#39;Microsoft Yahei&amp;#39;, 微软雅黑, 宋体, 宋体, Tahoma, Arial, Helvetica, STHeiti; line-height: 32px; white-space: normal; background-color: rgb(255, 255, 255);&quot;&gt;女友曾经发给我一条短信：如果你不相信爱情了，那么去看看夏加尔的画吧。&lt;/p&gt;&lt;p style=&quot;margin-top: 0.5em; margin-bottom: 0.5em; padding: 0px; outline: none; text-indent: 2em; color: rgb(51, 51, 51); font-family: arial, &amp;#39;Hiragino Sans GB&amp;#39;, &amp;#39;Microsoft Yahei&amp;#39;, 微软雅黑, 宋体, 宋体, Tahoma, Arial, Helvetica, STHeiti; line-height: 32px; white-space: normal; background-color: rgb(255, 255, 255);&quot;&gt;马克·夏加尔是白俄罗斯裔法国画家、版画家和设计师。他的油画，色彩鲜艳，别具一格，在现代绘画史上占有重要地位。&lt;/p&gt;&lt;p style=&quot;margin-top: 0.5em; margin-bottom: 0.5em; padding: 0px; outline: none; text-indent: 2em; color: rgb(51, 51, 51); font-family: arial, &amp;#39;Hiragino Sans GB&amp;#39;, &amp;#39;Microsoft Yahei&amp;#39;, 微软雅黑, 宋体, 宋体, Tahoma, Arial, Helvetica, STHeiti; line-height: 32px; white-space: normal; background-color: rgb(255, 255, 255);&quot;&gt;在看夏加尔的画时，我常常会被一种叫做爱情的东西所感动，他怎么可以这么忠贞地迷恋一个女子？《粉红色爱情》、《绿色爱情》、《褚石色爱情》、《黄色爱情》这四张画里，都是他和她——夏加尔和妻子蓓拉。&lt;/p&gt;&lt;p style=&quot;margin-top: 0.5em; margin-bottom: 0.5em; padding: 0px; outline: none; text-indent: 2em; color: rgb(51, 51, 51); font-family: arial, &amp;#39;Hiragino Sans GB&amp;#39;, &amp;#39;Microsoft Yahei&amp;#39;, 微软雅黑, 宋体, 宋体, Tahoma, Arial, Helvetica, STHeiti; line-height: 32px; white-space: normal; background-color: rgb(255, 255, 255);&quot;&gt;从他们22岁结婚，到她57岁去世，他们的爱情始终是一种很透明的状态——每年她的生日，他都给她画一张像。他的身边，从来没有别的女人。在画中，他和蓓拉飞到了空中，那是他们飞起来的爱情。在被流放的小镇上，只有她陪着他。&lt;/p&gt;&lt;p style=&quot;margin-top: 0.5em; margin-bottom: 0.5em; padding: 0px; outline: none; text-indent: 2em; color: rgb(51, 51, 51); font-family: arial, &amp;#39;Hiragino Sans GB&amp;#39;, &amp;#39;Microsoft Yahei&amp;#39;, 微软雅黑, 宋体, 宋体, Tahoma, Arial, Helvetica, STHeiti; line-height: 32px; white-space: normal; background-color: rgb(255, 255, 255);&quot;&gt;爱情是什么？在出于相互利用目的而走到一起的男女看来，爱情只是一件日用品，转眼就会被丢掉。夏加尔把爱情献给爱人，让它成为了一种雕塑，经历岁月的风尘，时间越久，越显得弥足珍贵。&lt;/p&gt;&lt;p style=&quot;margin-top: 0.5em; margin-bottom: 0.5em; padding: 0px; outline: none; text-indent: 2em; color: rgb(51, 51, 51); font-family: arial, &amp;#39;Hiragino Sans GB&amp;#39;, &amp;#39;Microsoft Yahei&amp;#39;, 微软雅黑, 宋体, 宋体, Tahoma, Arial, Helvetica, STHeiti; line-height: 32px; white-space: normal; background-color: rgb(255, 255, 255);&quot;&gt;没有几个画家会用一生的时间来画一个女子，何况，这个女子是他的妻子。有多少画家因为女人而生动，可是，夏加尔拥有这世界上最单纯、最干净的爱情。在他的画里，到处是鲜花、宽容、明亮。他给世界打开了一扇窗，那窗里，有一个美丽的女子。&lt;/p&gt;&lt;p style=&quot;margin-top: 0.5em; margin-bottom: 0.5em; padding: 0px; outline: none; text-indent: 2em; color: rgb(51, 51, 51); font-family: arial, &amp;#39;Hiragino Sans GB&amp;#39;, &amp;#39;Microsoft Yahei&amp;#39;, 微软雅黑, 宋体, 宋体, Tahoma, Arial, Helvetica, STHeiti; line-height: 32px; white-space: normal; background-color: rgb(255, 255, 255);&quot;&gt;蓓拉去世后，夏加尔有好多年不再拿起画笔。蓓拉把他的爱情带走了，也把他的才情带走了。&lt;/p&gt;&lt;p style=&quot;margin-top: 0.5em; margin-bottom: 0.5em; padding: 0px; outline: none; text-indent: 2em; color: rgb(51, 51, 51); font-family: arial, &amp;#39;Hiragino Sans GB&amp;#39;, &amp;#39;Microsoft Yahei&amp;#39;, 微软雅黑, 宋体, 宋体, Tahoma, Arial, Helvetica, STHeiti; line-height: 32px; white-space: normal; background-color: rgb(255, 255, 255);&quot;&gt;夏加尔那些经典的油画让我相信，这个世界上肯定有一个男人，像夏加尔一样迷恋我、喜欢我，只是我还没有找到。&lt;/p&gt;&lt;p style=&quot;margin-top: 0.5em; margin-bottom: 0.5em; padding: 0px; outline: none; text-indent: 2em; color: rgb(51, 51, 51); font-family: arial, &amp;#39;Hiragino Sans GB&amp;#39;, &amp;#39;Microsoft Yahei&amp;#39;, 微软雅黑, 宋体, 宋体, Tahoma, Arial, Helvetica, STHeiti; line-height: 32px; white-space: normal; background-color: rgb(255, 255, 255);&quot;&gt;没有什么比把爱情献给爱情更美好的事情。爱情是顶级的奢侈品，没有一颗纯粹的心，怎么敢担当爱情？夏加尔和蓓拉，都有一颗水晶心。&lt;/p&gt;&lt;p style=&quot;margin-top: 0.5em; margin-bottom: 0.5em; padding: 0px; outline: none; text-indent: 2em; color: rgb(51, 51, 51); font-family: arial, &amp;#39;Hiragino Sans GB&amp;#39;, &amp;#39;Microsoft Yahei&amp;#39;, 微软雅黑, 宋体, 宋体, Tahoma, Arial, Helvetica, STHeiti; line-height: 32px; white-space: normal; background-color: rgb(255, 255, 255);&quot;&gt;如果爱，请干净地爱，把爱情献给爱情。&lt;/p&gt;&lt;p&gt;&lt;br/&gt;&lt;/p&gt;', '文&nbsp;黄春女友曾经发给我一条短信：如果你不相信爱情了，那么去看看夏加尔的画吧。马克·夏加尔是白俄罗斯裔法国画家、版画家和设计师。他的油画，色彩鲜艳，别具一格，在现代绘画史上占有重要地位。在看夏加尔的画时，我常常会被一种叫', 1413962887, 1414043524, 'publish', '/ueditor/php/upload/image/20141022/1413962868603558.jpg', '爱情,日记,原创', 39, 0, 0, 1, '', 1);
INSERT INTO `blogs` (`id`, `cid`, `uid`, `title`, `content`, `description`, `addtime`, `uptime`, `status`, `image`, `tags`, `read`, `comment`, `is_private`, `allow_review`, `author`, `is_focus`) VALUES
(22, 5, 100001, '王安忆：关于婚姻', '&lt;p&gt;&lt;img src=&quot;/ueditor/php/upload/image/20141022/1413966874148603.jpg&quot; style=&quot;margin: auto; padding: 0px; outline: none; border: 0px; display: block; max-width: 560px; color: rgb(51, 51, 51); font-family: arial, &amp;#39;Hiragino Sans GB&amp;#39;, &amp;#39;Microsoft Yahei&amp;#39;, 微软雅黑, 宋体, 宋体, Tahoma, Arial, Helvetica, STHeiti; line-height: 32px; white-space: normal; background-color: rgb(255, 255, 255);&quot;/&gt;&lt;br style=&quot;margin: 0px; padding: 0px; outline: none; color: rgb(51, 51, 51); font-family: arial, &amp;#39;Hiragino Sans GB&amp;#39;, &amp;#39;Microsoft Yahei&amp;#39;, 微软雅黑, 宋体, 宋体, Tahoma, Arial, Helvetica, STHeiti; line-height: 32px; white-space: normal; background-color: rgb(255, 255, 255);&quot;/&gt;&lt;/p&gt;&lt;p style=&quot;margin-top: 0.5em; margin-bottom: 0.5em; padding: 0px; outline: none; text-indent: 2em; color: rgb(51, 51, 51); font-family: arial, &amp;#39;Hiragino Sans GB&amp;#39;, &amp;#39;Microsoft Yahei&amp;#39;, 微软雅黑, 宋体, 宋体, Tahoma, Arial, Helvetica, STHeiti; line-height: 32px; white-space: normal; background-color: rgb(255, 255, 255);&quot;&gt;再不会忘记钱钟书先生在《围城》里的那一个有关婚姻的绝妙的比喻：有如围城，城里的想冲出来，城外的则想冲进去。道理是谁也通透，却是谁也无法放弃攻城，而后再放弃对突围的战战兢兢的遐想。婚姻与家庭犹如上帝创世时便设下的一个圈套，几乎无人可逃脱得了。如何建设一个幸福的由婚姻联系的家庭，几乎是一个最深刻的哲学问题，同时又是一个最浅显的常识问题，顶古老，又顶新鲜。&lt;/p&gt;&lt;p style=&quot;margin-top: 0.5em; margin-bottom: 0.5em; padding: 0px; outline: none; text-indent: 2em; color: rgb(51, 51, 51); font-family: arial, &amp;#39;Hiragino Sans GB&amp;#39;, &amp;#39;Microsoft Yahei&amp;#39;, 微软雅黑, 宋体, 宋体, Tahoma, Arial, Helvetica, STHeiti; line-height: 32px; white-space: normal; background-color: rgb(255, 255, 255);&quot;&gt;每个人谈起这题目，都是兴致勃勃，津津乐道，各有各的理论。理论都很伟大而雄辩。而所有这些伟大而雄辩的理论都是同样的，无一例外的于事无补，无法给予任何一个困扰的家庭半些援助，而真正的名符其实的幸福起来。到头来，还须各人回到家中，付以切实琐细的努力。明知如此，我却依然还想参加进这一个古老又现代的讨论，这讨论犹如是一个颠扑不破的坚固的谜语，吸引了我们。我也无切身的成功的经验可为我的论题提供论据与例证，因我们的生活尚未结束，尚在一日一日地发展与进行，谁也无法定下输赢胜负，好比是比赛在中场，或者棋到中盘。我只以我的空洞的理论参加这讨论，均是严肃的废话。&lt;/p&gt;&lt;p style=&quot;margin-top: 0.5em; margin-bottom: 0.5em; padding: 0px; outline: none; text-indent: 2em; color: rgb(51, 51, 51); font-family: arial, &amp;#39;Hiragino Sans GB&amp;#39;, &amp;#39;Microsoft Yahei&amp;#39;, 微软雅黑, 宋体, 宋体, Tahoma, Arial, Helvetica, STHeiti; line-height: 32px; white-space: normal; text-align: center; background-color: rgb(255, 255, 255);&quot;&gt;&lt;br/&gt;&lt;/p&gt;&lt;p style=&quot;margin-top: 0.5em; margin-bottom: 0.5em; padding: 0px; outline: none; text-indent: 2em; color: rgb(51, 51, 51); font-family: arial, &amp;#39;Hiragino Sans GB&amp;#39;, &amp;#39;Microsoft Yahei&amp;#39;, 微软雅黑, 宋体, 宋体, Tahoma, Arial, Helvetica, STHeiti; line-height: 32px; white-space: normal; background-color: rgb(255, 255, 255);&quot;&gt;我想，这一个居住偌多人物的偌大的世界，对无数人以无数条途径所追求与向往的美妙境界只给予了一个名称，便是“幸福”。在这一个唯一的词汇里面，便不可不包括了无数种完全不同，甚至相反的含义。因此，“幸福”是一个没有定义的名词，因它无定义，于是关于“它是什么”的讨论，也是同样的久远。在各民族的民间故事里，几乎都有着关于幸福的解释的那一类。幸福是什么？我也参加过许多讨论者的行列，试图给予它一个定义，我以为“幸福”的定义应是“快乐”。幸福与快乐，几乎已是同义词，却也有着隐约的区别。幸福是客观意义上的快乐，快乐则仅仅是主观的，感觉的，并且，尤其是自我感觉的。所以，我的意思便是，幸福就是自己觉得幸福。&lt;/p&gt;&lt;p style=&quot;margin-top: 0.5em; margin-bottom: 0.5em; padding: 0px; outline: none; text-indent: 2em; color: rgb(51, 51, 51); font-family: arial, &amp;#39;Hiragino Sans GB&amp;#39;, &amp;#39;Microsoft Yahei&amp;#39;, 微软雅黑, 宋体, 宋体, Tahoma, Arial, Helvetica, STHeiti; line-height: 32px; white-space: normal; background-color: rgb(255, 255, 255);&quot;&gt;也许这只是一句人人皆知的落后了的大白话，而我却知道，有不少人，甚至很多人并非为了自己的感觉，而是为了他人的观瞻而建设自己的人生与生活。因而窥察别人的生活与家庭，便成了我们生活的另一部分。我们的生活好像就是以这两个部分组成的：一是生活给人看，二是看别人生活。我们同情别人生活不幸而自觉着了幸福，我们评价着别人的是非长短而深觉自己又高尚又美好。于是，我们也无法不提高了警惕地想到，人家将对我们的生活怎么说。这是一个极大的困扰，几乎困扰了我们整整一生，甚至代代相传的几生。我们无法解脱这个困扰，无法摒除这个顾虑。我们好像是生来便负了这困扰与顾虑，我们很沉重，无法轻装上阵。为了这个困扰与顾虑，我们自己的感觉反倒下降，反倒被我们自己忽略。我们心里充满了奇特的自尊与自卑。别人的目光对于我们是那么的重要，使我们不安，如得不到公众的承认与肯定，我们再幸福也不幸福了，我们再快乐也不快乐了。我们自己无法证明自己的幸福，我们的幸福无法由我们自己验明。我们没有自信。&lt;/p&gt;&lt;p style=&quot;margin-top: 0.5em; margin-bottom: 0.5em; padding: 0px; outline: none; text-indent: 2em; color: rgb(51, 51, 51); font-family: arial, &amp;#39;Hiragino Sans GB&amp;#39;, &amp;#39;Microsoft Yahei&amp;#39;, 微软雅黑, 宋体, 宋体, Tahoma, Arial, Helvetica, STHeiti; line-height: 32px; white-space: normal; background-color: rgb(255, 255, 255);&quot;&gt;人类越来越聪明，于己的研究日益深入，生活越来越丰富，达到彼岸的道路日益增多而拓宽。可供作出多种的选择。我们却依然为别人的目光所困，依然须凭靠别人的评判，没有这评判，我们便觉空落落，茫茫然，不知所措。假如一个很丑的人与一个很美的人结合，假如一个很富的人与一个很穷的人结合，假如一个著名的人与一个平凡的人结合，人们便以种种的猜测与叹息去围剿他们，流露出一个讲究实际的民族的实事求是的朴素思想；而当他们终于抵挡不住而屈服，不分离便对不住众人似的终于分离，那么，便会有更汹涌澎湃的猜测与叹息接踵而来，表达出一个尊重情感的民族的富有修养的道德精神。他们左不是，右不是，横竖都是局外人的真理。局外人似乎比当事人更明理，更正确。明明是那两个人的事情，却要由那两个人以外的所有人来评价，所有的人都比两位当事人更有权利表态，且又有美丽而练达的诗作证——“不识庐山真面目，只缘身在此山中。”&lt;/p&gt;&lt;p style=&quot;margin-top: 0.5em; margin-bottom: 0.5em; padding: 0px; outline: none; text-indent: 2em; color: rgb(51, 51, 51); font-family: arial, &amp;#39;Hiragino Sans GB&amp;#39;, &amp;#39;Microsoft Yahei&amp;#39;, 微软雅黑, 宋体, 宋体, Tahoma, Arial, Helvetica, STHeiti; line-height: 32px; white-space: normal; background-color: rgb(255, 255, 255);&quot;&gt;如有人通达了婚姻的幸与不幸，或是由于自身失败了的爱情，或是由于目睹了别人的失败，抑或仅仅出自于淡泊宁和的天性，而抱着独身的不是主义的主义。她（他）本来生活得很快乐，可是所有人却都在为她不安，怜悯她，同情她，啧啧地叹息，古道热心地打扰她，终于使得她惶惑起来，对自己的生活与心情产生怀疑与动摇。我们这才平静下来。所有人中，包括最最热心肠的在内，都不会想到，要去帮助她建设她独有的那一个家庭，比如，也分给她一间房子，因她一个人也与两个人一样的需要一个可安置她私有的财富，物质的，或者精神的，那么一个安全而安静的地方。比如，也给她评一个五好家庭，因她（他）生活得快乐，不损人利己，不妨碍别人，而工作得努力又见效。我们自己早已透彻了。却偏偏、独独不让她也透彻。我们非要断定她是不幸的，倒霉的。我们无法尊重她的家庭，我们早已将她否决掉了，我们否决了她然后再来恩赐我们的同情，而他们又常常是很不坚强的，常常为之所动。并且，他们觉着如自己再固执下去便要辜负了大家，他们好像是为了不辜负大家而改变生活，他们肩上负了对大家的责任和义务似的。我们每个人与生俱来的都负了大家的责任与义务，我们向大家负责的生活，独独忽略了为自己而负责。&lt;/p&gt;&lt;p style=&quot;margin-top: 0.5em; margin-bottom: 0.5em; padding: 0px; outline: none; text-indent: 2em; color: rgb(51, 51, 51); font-family: arial, &amp;#39;Hiragino Sans GB&amp;#39;, &amp;#39;Microsoft Yahei&amp;#39;, 微软雅黑, 宋体, 宋体, Tahoma, Arial, Helvetica, STHeiti; line-height: 32px; white-space: normal; background-color: rgb(255, 255, 255);&quot;&gt;因为我们是那么关切别人的生活，要从别人的生活中找出例证，参照与证实我们自己的生活；于是我们便也须为别人的观瞻而生活，极力要使自己的生活具有成功的参照性。我们互相窥探着，互相关切着，互相为了对方建设家庭。久而久之，幸福这一个字眼便叫我们所有的人都觉得虚无缥缈不定。我们要从别人的态度中去寻找幸福，而我们又一无左右别人的力量，于是，我们便永远被动了。我们被动着生活，寻找幸福，我们常常寻找不着，因我们出发时就迷了路。而我们本应是自己觉得幸福便是真正的幸福的。我们本应摒除了一切沉重的杂念，潜心潜意地寻找快乐的人生，建设快乐的家庭。当然，我们很难将我们的愿望，我们的理想完全彻底地还原成朴素的原形，因我们生活在一个已经存在了上千年上万年上亿年的世界与人类之中，我们只可能在这个已经失了朴素的嘈杂的纷乱的人世上，尽力使我们的感觉少受凌辱，少遭谬误。&lt;/p&gt;&lt;p style=&quot;margin-top: 0.5em; margin-bottom: 0.5em; padding: 0px; outline: none; text-indent: 2em; color: rgb(51, 51, 51); font-family: arial, &amp;#39;Hiragino Sans GB&amp;#39;, &amp;#39;Microsoft Yahei&amp;#39;, 微软雅黑, 宋体, 宋体, Tahoma, Arial, Helvetica, STHeiti; line-height: 32px; white-space: normal; background-color: rgb(255, 255, 255);&quot;&gt;说到此，我依然无法回答这一个永远的问题——如何建设幸福的家庭。我只可说，为了顺利地解答这艰难的问题，我们要尽可能卸下负荷，轻装上阵。因我们已陷入了圈套，切不可再自找额外的烦恼，格外的自我纠缠，而“越陷越深”。&lt;/p&gt;&lt;p&gt;&lt;br/&gt;&lt;/p&gt;', '再不会忘记钱钟书先生在《围城》里的那一个有关婚姻的绝妙的比喻：有如围城，城里的想冲出来，城外的则想冲进去。道理是谁也通透，却是谁也无法放弃攻城，而后再放弃对突围的战战兢兢的遐想。婚姻与家庭犹如上帝创世时便设下的一个圈套，几乎无人可逃脱得了。如何建设一个幸福的由婚姻联系的家庭，几乎是一个最深刻的哲学问题，同时又是', 1413966898, 1414043504, 'sketch', '/ueditor/php/upload/image/20141022/1413966874148603.jpg', '日记', 31, 0, 1, 1, '', 0),
(23, 1, 100001, 'ddd''select * from user', '&lt;p&gt;dddd&lt;/p&gt;', 'dddd', 1414044021, 1414044914, 'sketch', '', 'dddd', 0, 0, 0, 1, '', 0),
(24, 5, 100001, '朋友并不是越多越好', '&lt;p style=&quot;margin-top: 0.5em; margin-bottom: 0.5em; padding: 0px; outline: none; text-indent: 2em; color: rgb(51, 51, 51); font-family: arial, &amp;#39;Hiragino Sans GB&amp;#39;, &amp;#39;Microsoft Yahei&amp;#39;, 微软雅黑, 宋体, 宋体, Tahoma, Arial, Helvetica, STHeiti; line-height: 32px; white-space: normal; background-color: rgb(255, 255, 255);&quot;&gt;&lt;img src=&quot;/ueditor/php/upload/image/20141024/1414137951132746.jpeg&quot; title=&quot;1414137951132746.jpeg&quot; alt=&quot;20131018213457_RXKhW.jpeg&quot;/&gt;&lt;/p&gt;&lt;p style=&quot;margin-top: 0.5em; margin-bottom: 0.5em; padding: 0px; outline: none; text-indent: 2em; color: rgb(51, 51, 51); font-family: arial, &amp;#39;Hiragino Sans GB&amp;#39;, &amp;#39;Microsoft Yahei&amp;#39;, 微软雅黑, 宋体, 宋体, Tahoma, Arial, Helvetica, STHeiti; line-height: 32px; white-space: normal; background-color: rgb(255, 255, 255);&quot;&gt;文&amp;nbsp;罗伟&lt;/p&gt;&lt;p style=&quot;margin-top: 0.5em; margin-bottom: 0.5em; padding: 0px; outline: none; text-indent: 2em; color: rgb(51, 51, 51); font-family: arial, &amp;#39;Hiragino Sans GB&amp;#39;, &amp;#39;Microsoft Yahei&amp;#39;, 微软雅黑, 宋体, 宋体, Tahoma, Arial, Helvetica, STHeiti; line-height: 32px; white-space: normal; background-color: rgb(255, 255, 255);&quot;&gt;认识什么人，交什么朋友，交多交少取决于一个人的动物本性。&lt;/p&gt;&lt;p style=&quot;margin-top: 0.5em; margin-bottom: 0.5em; padding: 0px; outline: none; text-indent: 2em; color: rgb(51, 51, 51); font-family: arial, &amp;#39;Hiragino Sans GB&amp;#39;, &amp;#39;Microsoft Yahei&amp;#39;, 微软雅黑, 宋体, 宋体, Tahoma, Arial, Helvetica, STHeiti; line-height: 32px; white-space: normal; background-color: rgb(255, 255, 255);&quot;&gt;有的人是鱼，成群结队，形成一个庞大的群体。这样，就能在弱肉强食的环境中生存下来。比如海豚。即使是最凶猛的鲨鱼，在海豚面前，也毫无抵抗能力。它们会把鲨鱼围起来，然后凭借着快速灵巧的优势用坚硬的喙撞击鲨鱼柔软的躯体和骨骼。再强大的鲨鱼，在海豚团队的攻势下都无招架之力。即使不是海豚，哪怕是最弱小无攻击力的小鱼儿，结成团队，也能形成一个很好的保护圈。因为，当敌人来临时，它们会立刻四散，让大鱼顾此失彼，小鱼从而获得逃脱的机会。&lt;/p&gt;&lt;p style=&quot;margin-top: 0.5em; margin-bottom: 0.5em; padding: 0px; outline: none; text-indent: 2em; color: rgb(51, 51, 51); font-family: arial, &amp;#39;Hiragino Sans GB&amp;#39;, &amp;#39;Microsoft Yahei&amp;#39;, 微软雅黑, 宋体, 宋体, Tahoma, Arial, Helvetica, STHeiti; line-height: 32px; white-space: normal; background-color: rgb(255, 255, 255);&quot;&gt;有的人是狼，具有很强的生存能力。但是，不论是力量、速度还是攻击力，都比不上虎豹。所以，它们需要结群，以便集体照应并协作猎敌。&lt;/p&gt;&lt;p style=&quot;margin-top: 0.5em; margin-bottom: 0.5em; padding: 0px; outline: none; text-indent: 2em; color: rgb(51, 51, 51); font-family: arial, &amp;#39;Hiragino Sans GB&amp;#39;, &amp;#39;Microsoft Yahei&amp;#39;, 微软雅黑, 宋体, 宋体, Tahoma, Arial, Helvetica, STHeiti; line-height: 32px; white-space: normal; background-color: rgb(255, 255, 255);&quot;&gt;如鱼如狼的人，想必都是信奉“多个朋友多条路”的交友原则。他们交友有一定的功利驱使：遇困境时有朋友相帮；遇猎物时，可结伴围攻。&lt;/p&gt;&lt;p style=&quot;margin-top: 0.5em; margin-bottom: 0.5em; padding: 0px; outline: none; text-indent: 2em; color: rgb(51, 51, 51); font-family: arial, &amp;#39;Hiragino Sans GB&amp;#39;, &amp;#39;Microsoft Yahei&amp;#39;, 微软雅黑, 宋体, 宋体, Tahoma, Arial, Helvetica, STHeiti; line-height: 32px; white-space: normal; background-color: rgb(255, 255, 255);&quot;&gt;但是，有的人并不这样，他们选择了独居。比如老虎。虎是强者，少有生物能危及它的性命。它们无须通过同伴的帮助猎食。所以，它们不必结群，它的领地只允许它存在。&lt;/p&gt;&lt;p style=&quot;margin-top: 0.5em; margin-bottom: 0.5em; padding: 0px; outline: none; text-indent: 2em; color: rgb(51, 51, 51); font-family: arial, &amp;#39;Hiragino Sans GB&amp;#39;, &amp;#39;Microsoft Yahei&amp;#39;, 微软雅黑, 宋体, 宋体, Tahoma, Arial, Helvetica, STHeiti; line-height: 32px; white-space: normal; background-color: rgb(255, 255, 255);&quot;&gt;还有的人是鹰。它是独行侠，并不结伴而行，只在自己的天地里自由翱翔。它有着自己的广阔天地。在那苍茫的天地间，它独自飞行，自在来往，无拘无束。它凭借着敏捷强劲的身手衣食无忧，生存无患。所以，它同样不需结群。&lt;/p&gt;&lt;p style=&quot;margin-top: 0.5em; margin-bottom: 0.5em; padding: 0px; outline: none; text-indent: 2em; color: rgb(51, 51, 51); font-family: arial, &amp;#39;Hiragino Sans GB&amp;#39;, &amp;#39;Microsoft Yahei&amp;#39;, 微软雅黑, 宋体, 宋体, Tahoma, Arial, Helvetica, STHeiti; line-height: 32px; white-space: normal; background-color: rgb(255, 255, 255);&quot;&gt;不论是虎还是鹰，它们都没有“多个朋友多条路”的交际原则。那么你呢？你是愿意广交朋友还是离群索居？朋友对于你来说意味着什么？是用来保命、围猎，还是用作其他？&lt;/p&gt;&lt;p style=&quot;margin-top: 0.5em; margin-bottom: 0.5em; padding: 0px; outline: none; text-indent: 2em; color: rgb(51, 51, 51); font-family: arial, &amp;#39;Hiragino Sans GB&amp;#39;, &amp;#39;Microsoft Yahei&amp;#39;, 微软雅黑, 宋体, 宋体, Tahoma, Arial, Helvetica, STHeiti; line-height: 32px; white-space: normal; background-color: rgb(255, 255, 255);&quot;&gt;很多时候，功利性强了，我们未必能交到真正的朋友，因为没有人愿意你把他当成生存的工具，攀附的权杖。佛经里说：有友如地，有友如山，有友如花，有友如秤。意思是：把你当如花者，当你好看时会把你戴在头上，你不好看的时候就会把你踩于脚下；把你当如秤者，会权衡你的权势身份，然后决定是否跟你套近乎；把你当如山如地者，则并没有功利上的考量，你们的情谊只会如山固如地广。所以，朋友并不是越多越好。你把“朋友”当花当秤，“朋友”自然会同等待你。所以，有的时候，朋友越少反而越真。&lt;/p&gt;&lt;p style=&quot;margin-top: 0.5em; margin-bottom: 0.5em; padding: 0px; outline: none; text-indent: 2em; color: rgb(51, 51, 51); font-family: arial, &amp;#39;Hiragino Sans GB&amp;#39;, &amp;#39;Microsoft Yahei&amp;#39;, 微软雅黑, 宋体, 宋体, Tahoma, Arial, Helvetica, STHeiti; line-height: 32px; white-space: normal; background-color: rgb(255, 255, 255);&quot;&gt;有的时候，朋友劝我：“多出去走走，广交天下友吧，生活圈子别太狭小了！”我却说：“人多了，世界就杂了。在自己安静的世界里更自得，更能做许多有意义的事。”的确，我的圈子没有那么复杂。我不必以功利的标准去择友。我也不必参与那个大大的圈子里本不属于我的活动和事件。在自己的天地里，自己有着浅浅的自得。在那一片天地中，独自做着该做的事，既不平庸肤浅，也不野心勃勃。所以，我倒希望做一只鹰。它的天地很大，它的世界很广，它不用应付交际礼仪，不用应付人情冷暖。尽管它的伙伴寥寥，但它一样能成为天空的王者。&lt;/p&gt;&lt;p&gt;&lt;br/&gt;&lt;/p&gt;', '文&nbsp;罗伟认识什么人，交什么朋友，交多交少取决于一个人的动物本性。有的人是鱼，成群结队，形成一个庞大的群体。这样，就能在弱肉强食的环境中生存下来。比如海豚。即使是最凶猛的鲨鱼，在海豚面', 1414137974, 1414137974, 'publish', '/ueditor/php/upload/image/20141024/1414137951132746.jpeg', '博文', 9, 0, 0, 1, '', 1),
(25, 5, 100001, '朋友并不是越多越好', '&lt;p style=&quot;margin-top: 0.5em; margin-bottom: 0.5em; padding: 0px; outline: none; text-indent: 2em; color: rgb(51, 51, 51); font-family: arial, &amp;#39;Hiragino Sans GB&amp;#39;, &amp;#39;Microsoft Yahei&amp;#39;, 微软雅黑, 宋体, 宋体, Tahoma, Arial, Helvetica, STHeiti; line-height: 32px; white-space: normal; background-color: rgb(255, 255, 255);&quot;&gt;&lt;img src=&quot;/ueditor/php/upload/image/20141024/1414137951132746.jpeg&quot; title=&quot;1414137951132746.jpeg&quot; alt=&quot;20131018213457_RXKhW.jpeg&quot;/&gt;&lt;/p&gt;&lt;p style=&quot;margin-top: 0.5em; margin-bottom: 0.5em; padding: 0px; outline: none; text-indent: 2em; color: rgb(51, 51, 51); font-family: arial, &amp;#39;Hiragino Sans GB&amp;#39;, &amp;#39;Microsoft Yahei&amp;#39;, 微软雅黑, 宋体, 宋体, Tahoma, Arial, Helvetica, STHeiti; line-height: 32px; white-space: normal; background-color: rgb(255, 255, 255);&quot;&gt;文&amp;nbsp;罗伟&lt;/p&gt;&lt;p style=&quot;margin-top: 0.5em; margin-bottom: 0.5em; padding: 0px; outline: none; text-indent: 2em; color: rgb(51, 51, 51); font-family: arial, &amp;#39;Hiragino Sans GB&amp;#39;, &amp;#39;Microsoft Yahei&amp;#39;, 微软雅黑, 宋体, 宋体, Tahoma, Arial, Helvetica, STHeiti; line-height: 32px; white-space: normal; background-color: rgb(255, 255, 255);&quot;&gt;认识什么人，交什么朋友，交多交少取决于一个人的动物本性。&lt;/p&gt;&lt;p style=&quot;margin-top: 0.5em; margin-bottom: 0.5em; padding: 0px; outline: none; text-indent: 2em; color: rgb(51, 51, 51); font-family: arial, &amp;#39;Hiragino Sans GB&amp;#39;, &amp;#39;Microsoft Yahei&amp;#39;, 微软雅黑, 宋体, 宋体, Tahoma, Arial, Helvetica, STHeiti; line-height: 32px; white-space: normal; background-color: rgb(255, 255, 255);&quot;&gt;有的人是鱼，成群结队，形成一个庞大的群体。这样，就能在弱肉强食的环境中生存下来。比如海豚。即使是最凶猛的鲨鱼，在海豚面前，也毫无抵抗能力。它们会把鲨鱼围起来，然后凭借着快速灵巧的优势用坚硬的喙撞击鲨鱼柔软的躯体和骨骼。再强大的鲨鱼，在海豚团队的攻势下都无招架之力。即使不是海豚，哪怕是最弱小无攻击力的小鱼儿，结成团队，也能形成一个很好的保护圈。因为，当敌人来临时，它们会立刻四散，让大鱼顾此失彼，小鱼从而获得逃脱的机会。&lt;/p&gt;&lt;p style=&quot;margin-top: 0.5em; margin-bottom: 0.5em; padding: 0px; outline: none; text-indent: 2em; color: rgb(51, 51, 51); font-family: arial, &amp;#39;Hiragino Sans GB&amp;#39;, &amp;#39;Microsoft Yahei&amp;#39;, 微软雅黑, 宋体, 宋体, Tahoma, Arial, Helvetica, STHeiti; line-height: 32px; white-space: normal; background-color: rgb(255, 255, 255);&quot;&gt;有的人是狼，具有很强的生存能力。但是，不论是力量、速度还是攻击力，都比不上虎豹。所以，它们需要结群，以便集体照应并协作猎敌。&lt;/p&gt;&lt;p style=&quot;margin-top: 0.5em; margin-bottom: 0.5em; padding: 0px; outline: none; text-indent: 2em; color: rgb(51, 51, 51); font-family: arial, &amp;#39;Hiragino Sans GB&amp;#39;, &amp;#39;Microsoft Yahei&amp;#39;, 微软雅黑, 宋体, 宋体, Tahoma, Arial, Helvetica, STHeiti; line-height: 32px; white-space: normal; background-color: rgb(255, 255, 255);&quot;&gt;如鱼如狼的人，想必都是信奉“多个朋友多条路”的交友原则。他们交友有一定的功利驱使：遇困境时有朋友相帮；遇猎物时，可结伴围攻。&lt;/p&gt;&lt;p style=&quot;margin-top: 0.5em; margin-bottom: 0.5em; padding: 0px; outline: none; text-indent: 2em; color: rgb(51, 51, 51); font-family: arial, &amp;#39;Hiragino Sans GB&amp;#39;, &amp;#39;Microsoft Yahei&amp;#39;, 微软雅黑, 宋体, 宋体, Tahoma, Arial, Helvetica, STHeiti; line-height: 32px; white-space: normal; background-color: rgb(255, 255, 255);&quot;&gt;但是，有的人并不这样，他们选择了独居。比如老虎。虎是强者，少有生物能危及它的性命。它们无须通过同伴的帮助猎食。所以，它们不必结群，它的领地只允许它存在。&lt;/p&gt;&lt;p style=&quot;margin-top: 0.5em; margin-bottom: 0.5em; padding: 0px; outline: none; text-indent: 2em; color: rgb(51, 51, 51); font-family: arial, &amp;#39;Hiragino Sans GB&amp;#39;, &amp;#39;Microsoft Yahei&amp;#39;, 微软雅黑, 宋体, 宋体, Tahoma, Arial, Helvetica, STHeiti; line-height: 32px; white-space: normal; background-color: rgb(255, 255, 255);&quot;&gt;还有的人是鹰。它是独行侠，并不结伴而行，只在自己的天地里自由翱翔。它有着自己的广阔天地。在那苍茫的天地间，它独自飞行，自在来往，无拘无束。它凭借着敏捷强劲的身手衣食无忧，生存无患。所以，它同样不需结群。&lt;/p&gt;&lt;p style=&quot;margin-top: 0.5em; margin-bottom: 0.5em; padding: 0px; outline: none; text-indent: 2em; color: rgb(51, 51, 51); font-family: arial, &amp;#39;Hiragino Sans GB&amp;#39;, &amp;#39;Microsoft Yahei&amp;#39;, 微软雅黑, 宋体, 宋体, Tahoma, Arial, Helvetica, STHeiti; line-height: 32px; white-space: normal; background-color: rgb(255, 255, 255);&quot;&gt;不论是虎还是鹰，它们都没有“多个朋友多条路”的交际原则。那么你呢？你是愿意广交朋友还是离群索居？朋友对于你来说意味着什么？是用来保命、围猎，还是用作其他？&lt;/p&gt;&lt;p style=&quot;margin-top: 0.5em; margin-bottom: 0.5em; padding: 0px; outline: none; text-indent: 2em; color: rgb(51, 51, 51); font-family: arial, &amp;#39;Hiragino Sans GB&amp;#39;, &amp;#39;Microsoft Yahei&amp;#39;, 微软雅黑, 宋体, 宋体, Tahoma, Arial, Helvetica, STHeiti; line-height: 32px; white-space: normal; background-color: rgb(255, 255, 255);&quot;&gt;很多时候，功利性强了，我们未必能交到真正的朋友，因为没有人愿意你把他当成生存的工具，攀附的权杖。佛经里说：有友如地，有友如山，有友如花，有友如秤。意思是：把你当如花者，当你好看时会把你戴在头上，你不好看的时候就会把你踩于脚下；把你当如秤者，会权衡你的权势身份，然后决定是否跟你套近乎；把你当如山如地者，则并没有功利上的考量，你们的情谊只会如山固如地广。所以，朋友并不是越多越好。你把“朋友”当花当秤，“朋友”自然会同等待你。所以，有的时候，朋友越少反而越真。&lt;/p&gt;&lt;p style=&quot;margin-top: 0.5em; margin-bottom: 0.5em; padding: 0px; outline: none; text-indent: 2em; color: rgb(51, 51, 51); font-family: arial, &amp;#39;Hiragino Sans GB&amp;#39;, &amp;#39;Microsoft Yahei&amp;#39;, 微软雅黑, 宋体, 宋体, Tahoma, Arial, Helvetica, STHeiti; line-height: 32px; white-space: normal; background-color: rgb(255, 255, 255);&quot;&gt;有的时候，朋友劝我：“多出去走走，广交天下友吧，生活圈子别太狭小了！”我却说：“人多了，世界就杂了。在自己安静的世界里更自得，更能做许多有意义的事。”的确，我的圈子没有那么复杂。我不必以功利的标准去择友。我也不必参与那个大大的圈子里本不属于我的活动和事件。在自己的天地里，自己有着浅浅的自得。在那一片天地中，独自做着该做的事，既不平庸肤浅，也不野心勃勃。所以，我倒希望做一只鹰。它的天地很大，它的世界很广，它不用应付交际礼仪，不用应付人情冷暖。尽管它的伙伴寥寥，但它一样能成为天空的王者。&lt;/p&gt;&lt;p&gt;&lt;br/&gt;&lt;/p&gt;', '文&nbsp;罗伟认识什么人，交什么朋友，交多交少取决于一个人的动物本性。有的人是鱼，成群结队，形成一个庞大的群体。这样，就能在弱肉强食的环境中生存下来。比如海豚。即使是最凶猛的鲨鱼，在海豚面', 1414138033, 1414371891, 'sketch', '/ueditor/php/upload/image/20141024/1414137951132746.jpeg', '博文', 4, 0, 0, 1, '', 1),
(26, 5, 100001, '食物是所有的梦想', '&lt;p&gt;&lt;img src=&quot;/ueditor/php/upload/image/20141024/1414138070245208.jpg&quot; style=&quot;margin: auto; padding: 0px; outline: none; border: 0px; display: block; max-width: 560px; color: rgb(51, 51, 51); font-family: arial, &amp;#39;Hiragino Sans GB&amp;#39;, &amp;#39;Microsoft Yahei&amp;#39;, 微软雅黑, 宋体, 宋体, Tahoma, Arial, Helvetica, STHeiti; line-height: 32px; white-space: normal; background-color: rgb(255, 255, 255);&quot;/&gt;&lt;br style=&quot;margin: 0px; padding: 0px; outline: none; color: rgb(51, 51, 51); font-family: arial, &amp;#39;Hiragino Sans GB&amp;#39;, &amp;#39;Microsoft Yahei&amp;#39;, 微软雅黑, 宋体, 宋体, Tahoma, Arial, Helvetica, STHeiti; line-height: 32px; white-space: normal; background-color: rgb(255, 255, 255);&quot;/&gt;&lt;/p&gt;&lt;p style=&quot;margin-top: 0.5em; margin-bottom: 0.5em; padding: 0px; outline: none; text-indent: 2em; color: rgb(51, 51, 51); font-family: arial, &amp;#39;Hiragino Sans GB&amp;#39;, &amp;#39;Microsoft Yahei&amp;#39;, 微软雅黑, 宋体, 宋体, Tahoma, Arial, Helvetica, STHeiti; line-height: 32px; white-space: normal; background-color: rgb(255, 255, 255);&quot;&gt;文&amp;nbsp;和菜头&lt;/p&gt;&lt;p style=&quot;margin-top: 0.5em; margin-bottom: 0.5em; padding: 0px; outline: none; text-indent: 2em; color: rgb(51, 51, 51); font-family: arial, &amp;#39;Hiragino Sans GB&amp;#39;, &amp;#39;Microsoft Yahei&amp;#39;, 微软雅黑, 宋体, 宋体, Tahoma, Arial, Helvetica, STHeiti; line-height: 32px; white-space: normal; background-color: rgb(255, 255, 255);&quot;&gt;关于童年的事情，99%的内容都和食物有关。在我的童年和少年时代，我发了狂一样梦想着一个人吃掉一整只烤鸭。&lt;/p&gt;&lt;p style=&quot;margin-top: 0.5em; margin-bottom: 0.5em; padding: 0px; outline: none; text-indent: 2em; color: rgb(51, 51, 51); font-family: arial, &amp;#39;Hiragino Sans GB&amp;#39;, &amp;#39;Microsoft Yahei&amp;#39;, 微软雅黑, 宋体, 宋体, Tahoma, Arial, Helvetica, STHeiti; line-height: 32px; white-space: normal; background-color: rgb(255, 255, 255);&quot;&gt;关于童年的事情，99%的内容都和食物有关。和所有的食物相比，烤鸭意味着甜蜜美满的人生，圆融无碍的境界，以及完美的理想彼岸。在我的童年和少年时代，我发了狂一样梦想着一个人吃掉一整只烤鸭。&lt;/p&gt;&lt;p style=&quot;margin-top: 0.5em; margin-bottom: 0.5em; padding: 0px; outline: none; text-indent: 2em; color: rgb(51, 51, 51); font-family: arial, &amp;#39;Hiragino Sans GB&amp;#39;, &amp;#39;Microsoft Yahei&amp;#39;, 微软雅黑, 宋体, 宋体, Tahoma, Arial, Helvetica, STHeiti; line-height: 32px; white-space: normal; background-color: rgb(255, 255, 255);&quot;&gt;我生于1975，改革前3年。在我的记忆深处，30年来一直有一枚鸭子在闪闪发光。每次当我试图在记忆深处找寻一点庄严的、厚重的、深刻的事物，可以用梦想或者理想这种字眼装点的往事，那只烤鸭就从不知哪个角落里钻将出来，熟练地躺在一个白色的瓷盘里。躺好以后，突然像是想起了什么，又抬起头用扁嘴拖过一碟葱白和一碟面酱来，这才安然睡下。多少次我看见自己站在了绝岭之上，高擎红旗，腿毛飘飘，正准备高呼口号。但是还不待我开始张嘴挥旗，一盘鸭子就会从半空里砸将下来，占据画面的绝大部分。我只能缩在盘子的一角，小心翼翼地举起拳头，捏着嗓子喊一声：理想万岁！准确地说，我似乎是在喊：理想万岁？&lt;/p&gt;&lt;p style=&quot;margin-top: 0.5em; margin-bottom: 0.5em; padding: 0px; outline: none; text-indent: 2em; color: rgb(51, 51, 51); font-family: arial, &amp;#39;Hiragino Sans GB&amp;#39;, &amp;#39;Microsoft Yahei&amp;#39;, 微软雅黑, 宋体, 宋体, Tahoma, Arial, Helvetica, STHeiti; line-height: 32px; white-space: normal; background-color: rgb(255, 255, 255);&quot;&gt;这只鸭子几乎成为了我永恒的梦魇。它慢慢吞噬我的每一个脑细胞，入侵每一晚的梦境。但我的童年记忆里绝对不止是鸭子，而且我可以负责地说一句：鸭子只是在金字塔的顶端而已。关于童年的事情，99%的内容都和食物有关。它的底层是一系列不需要金钱就能得到的食物，包括桑葚、野草莓、邻居家自留地里的胡萝卜以及向日葵。在我小学三年级之前，就已经如同神农一般遍尝各种野生植物，把食谱一直延伸到昆虫界。其上是要花费一分钱到5分钱不等的食物，从小豆冰棍到爆米花，不一而足。它们构成记忆中甜美而易逝的部分，就像是雪糕。在这个食物链条的顶端，放着一只金光闪闪的烤鸭。&lt;/p&gt;&lt;p style=&quot;margin-top: 0.5em; margin-bottom: 0.5em; padding: 0px; outline: none; text-indent: 2em; color: rgb(51, 51, 51); font-family: arial, &amp;#39;Hiragino Sans GB&amp;#39;, &amp;#39;Microsoft Yahei&amp;#39;, 微软雅黑, 宋体, 宋体, Tahoma, Arial, Helvetica, STHeiti; line-height: 32px; white-space: normal; background-color: rgb(255, 255, 255);&quot;&gt;我对于一年才能随父亲回家探亲一次毫无怨言，我对全家四口全挤在一张床上并无异议，我甚至可以接受老师和家长的轮流体罚，但是我接受不了一只烤鸭要四个人分着吃这一残酷的事实。当我在人生中第一次接触到烤鸭的时候还没有上小学，世界上怎么会有烤鸭这种玄秘的事物存在？这种事物又怎么能和其他人分享？&lt;/p&gt;&lt;p style=&quot;margin-top: 0.5em; margin-bottom: 0.5em; padding: 0px; outline: none; text-indent: 2em; color: rgb(51, 51, 51); font-family: arial, &amp;#39;Hiragino Sans GB&amp;#39;, &amp;#39;Microsoft Yahei&amp;#39;, 微软雅黑, 宋体, 宋体, Tahoma, Arial, Helvetica, STHeiti; line-height: 32px; white-space: normal; background-color: rgb(255, 255, 255);&quot;&gt;当它被切开时散发出神异的香味，如同莲华绽放，佛陀正坐在莲蕊正中，世界在无边平和中显示出深邃的奥秘，这种奥秘来自烤鸭的腹腔，那里吸收了火焰的奥秘，以及一只鸭子所有在河边和丽日下的感受。撕咬它，牙齿慢慢切开酥脆的鸭皮，进入滑腻丰富的油脂，终于触到富于弹性的鸭肉，并且因为这种微弱阻力而有了瞬间的暂停。就在这一瞬间，鸭皮鸭油和鸭肉形成的三重芳香被完整释放出来，加上一点葱白的尾调，我看见水光接天，一片泽国正在走进金黄的暮色。伴随着吞咽的动作，内息从身体最深处被唤醒，沿着中脉上升，一直直冲顶门放射而出。整个世界都被白色的寂静之光所笼罩，消失了所有对立和矛盾、烦恼和痛苦、饥饿和疼痛，只有软绵绵的幸福感留存，无一不适。&lt;/p&gt;&lt;p style=&quot;margin-top: 0.5em; margin-bottom: 0.5em; padding: 0px; outline: none; text-indent: 2em; color: rgb(51, 51, 51); font-family: arial, &amp;#39;Hiragino Sans GB&amp;#39;, &amp;#39;Microsoft Yahei&amp;#39;, 微软雅黑, 宋体, 宋体, Tahoma, Arial, Helvetica, STHeiti; line-height: 32px; white-space: normal; background-color: rgb(255, 255, 255);&quot;&gt;别人的人生从一天开始，我的人生是从一顿开始。从那一顿之后，我就梦想能自己完整地吃掉一只烤鸭。包括左腿和右腿，完整的脖子和每一块软骨。不用分心凝视别人的筷子，不用忍痛和任何一块鸭子告别，觉得自己幸福的大饼正一点点变成残月。在讲述那个脖子上套着饼却被饿死的懒汉的故事时，给我最深触动的是：一个人居然可以拥有那么大的一张饼！可以想见，童稚的我把这个故事理解成为一个关于食物的故事，并且相信问题的关键出在没有配咸菜。“其实，没有咸菜也可以对付。”我无限惋惜地那么想着。&lt;/p&gt;&lt;p style=&quot;margin-top: 0.5em; margin-bottom: 0.5em; padding: 0px; outline: none; text-indent: 2em; color: rgb(51, 51, 51); font-family: arial, &amp;#39;Hiragino Sans GB&amp;#39;, &amp;#39;Microsoft Yahei&amp;#39;, 微软雅黑, 宋体, 宋体, Tahoma, Arial, Helvetica, STHeiti; line-height: 32px; white-space: normal; background-color: rgb(255, 255, 255);&quot;&gt;我在大学二年级拿到第一笔勤工俭学的工资时，第一个从心头升起的恶念不是去买香烟，或者是去卡拉OK，而是冲出去买了一整只烤鸭。带着炉火温度的烤鸭，热气腾腾的烤鸭，配上足够面酱和大葱的烤鸭。梦想达成时会产生强烈的颤抖和眩晕，巨大的罪恶感会折磨你的灵魂和胃壁。没有家人共享的时刻意味着足够的孤独，足够的孤独说明你已经长大成人配得上这只美好的烤鸭。我们很相衬，哪怕隔着两层塑料袋。我不知道在环保的今天人们如何去实现类似的梦想，在布袋里装一只斩好了的鸭子？&lt;/p&gt;&lt;p style=&quot;margin-top: 0.5em; margin-bottom: 0.5em; padding: 0px; outline: none; text-indent: 2em; color: rgb(51, 51, 51); font-family: arial, &amp;#39;Hiragino Sans GB&amp;#39;, &amp;#39;Microsoft Yahei&amp;#39;, 微软雅黑, 宋体, 宋体, Tahoma, Arial, Helvetica, STHeiti; line-height: 32px; white-space: normal; background-color: rgb(255, 255, 255);&quot;&gt;从达成梦想到放弃梦想只用了15分钟，没有想到世界上竟然有那么油腻和塞牙的东西。它们在我面前堆积如山，梦想中的强烈幸福感并没有如约降临，拥堵在心头不去的感觉是恶心。我的鸭子冷了，硬了，凝固了。那是在1995年的南京，冬天，珠江路上刚开了一家肯德基。在一个有肯德基和20元包场火锅的时代里，一个人吃掉一整只鸭子不单显得很怪异，更像是一种低智商犯罪。我只能安慰自己说，那不是我梦想中的那只鸭子。它依然在梦想的彼岸，在垂柳下悠闲地散步，距离炽热的火炉还有相当距离。&lt;/p&gt;&lt;p style=&quot;margin-top: 0.5em; margin-bottom: 0.5em; padding: 0px; outline: none; text-indent: 2em; color: rgb(51, 51, 51); font-family: arial, &amp;#39;Hiragino Sans GB&amp;#39;, &amp;#39;Microsoft Yahei&amp;#39;, 微软雅黑, 宋体, 宋体, Tahoma, Arial, Helvetica, STHeiti; line-height: 32px; white-space: normal; background-color: rgb(255, 255, 255);&quot;&gt;2008年夏天的时候，我在北京大董烤鸭再吃了一&lt;/p&gt;&lt;p&gt;&lt;br/&gt;&lt;/p&gt;', '文&nbsp;和菜头关于童年的事情，99%的内容都和食物有关。在我的童年和少年时代，我发了狂一样梦想着一个人吃掉一整只烤鸭。关于童年的事情，99', 1414138095, 1414138095, 'publish', '/ueditor/php/upload/image/20141024/1414138070245208.jpg', '美文,日志', 1, 0, 0, 1, '', 1),
(27, 4, 100001, '留在身边的习惯', '&lt;p&gt;&lt;img src=&quot;http://www.nuannian.com/files/article/14/1019/1413680102.jpg&quot; style=&quot;margin: auto; padding: 0px; outline: none; border: 0px; display: block; max-width: 560px; color: rgb(51, 51, 51); font-family: arial, &amp;#39;Hiragino Sans GB&amp;#39;, &amp;#39;Microsoft Yahei&amp;#39;, 微软雅黑, 宋体, 宋体, Tahoma, Arial, Helvetica, STHeiti; line-height: 32px; white-space: normal; background-color: rgb(255, 255, 255);&quot;/&gt;&lt;br style=&quot;margin: 0px; padding: 0px; outline: none; color: rgb(51, 51, 51); font-family: arial, &amp;#39;Hiragino Sans GB&amp;#39;, &amp;#39;Microsoft Yahei&amp;#39;, 微软雅黑, 宋体, 宋体, Tahoma, Arial, Helvetica, STHeiti; line-height: 32px; white-space: normal; background-color: rgb(255, 255, 255);&quot;/&gt;&lt;/p&gt;&lt;p style=&quot;margin-top: 0.5em; margin-bottom: 0.5em; padding: 0px; outline: none; text-indent: 2em; color: rgb(51, 51, 51); font-family: arial, &amp;#39;Hiragino Sans GB&amp;#39;, &amp;#39;Microsoft Yahei&amp;#39;, 微软雅黑, 宋体, 宋体, Tahoma, Arial, Helvetica, STHeiti; line-height: 32px; white-space: normal; background-color: rgb(255, 255, 255);&quot;&gt;文&amp;nbsp;张小娴&lt;/p&gt;&lt;p style=&quot;margin-top: 0.5em; margin-bottom: 0.5em; padding: 0px; outline: none; text-indent: 2em; color: rgb(51, 51, 51); font-family: arial, &amp;#39;Hiragino Sans GB&amp;#39;, &amp;#39;Microsoft Yahei&amp;#39;, 微软雅黑, 宋体, 宋体, Tahoma, Arial, Helvetica, STHeiti; line-height: 32px; white-space: normal; background-color: rgb(255, 255, 255);&quot;&gt;我们也许都有过这样的体会：虽然已经分手了，但是你身上仍然留着他的一些习惯。在过往相处的无数个日子里，那些特质已经变成你的。&lt;/p&gt;&lt;p style=&quot;margin-top: 0.5em; margin-bottom: 0.5em; padding: 0px; outline: none; text-indent: 2em; color: rgb(51, 51, 51); font-family: arial, &amp;#39;Hiragino Sans GB&amp;#39;, &amp;#39;Microsoft Yahei&amp;#39;, 微软雅黑, 宋体, 宋体, Tahoma, Arial, Helvetica, STHeiti; line-height: 32px; white-space: normal; background-color: rgb(255, 255, 255);&quot;&gt;譬如说话的语气、神态、用来骂人的字眼、喜欢的食物和饮料、作息的时间、看书的品味，以至是最微小的细节，都有他的影子，而这一切本来是属于他的。&lt;/p&gt;&lt;p style=&quot;margin-top: 0.5em; margin-bottom: 0.5em; padding: 0px; outline: none; text-indent: 2em; color: rgb(51, 51, 51); font-family: arial, &amp;#39;Hiragino Sans GB&amp;#39;, &amp;#39;Microsoft Yahei&amp;#39;, 微软雅黑, 宋体, 宋体, Tahoma, Arial, Helvetica, STHeiti; line-height: 32px; white-space: normal; background-color: rgb(255, 255, 255);&quot;&gt;人离开了，没法带走的是曾属于自己的习惯。你的习惯，有一部分同样也留下给他了。&lt;/p&gt;&lt;p style=&quot;margin-top: 0.5em; margin-bottom: 0.5em; padding: 0px; outline: none; text-indent: 2em; color: rgb(51, 51, 51); font-family: arial, &amp;#39;Hiragino Sans GB&amp;#39;, &amp;#39;Microsoft Yahei&amp;#39;, 微软雅黑, 宋体, 宋体, Tahoma, Arial, Helvetica, STHeiti; line-height: 32px; white-space: normal; background-color: rgb(255, 255, 255);&quot;&gt;一天，当你无意中做了一个小动作，说了一句话，你才惊讶地发现这是他的动作，他的语气。当你在餐厅里点了一份五成熟的牛排，你才想起这是他最喜欢的烹调方式。&lt;/p&gt;&lt;p style=&quot;margin-top: 0.5em; margin-bottom: 0.5em; padding: 0px; outline: none; text-indent: 2em; color: rgb(51, 51, 51); font-family: arial, &amp;#39;Hiragino Sans GB&amp;#39;, &amp;#39;Microsoft Yahei&amp;#39;, 微软雅黑, 宋体, 宋体, Tahoma, Arial, Helvetica, STHeiti; line-height: 32px; white-space: normal; background-color: rgb(255, 255, 255);&quot;&gt;有一些东西并没有逝去，而永远的融合了。&lt;/p&gt;&lt;p style=&quot;margin-top: 0.5em; margin-bottom: 0.5em; padding: 0px; outline: none; text-indent: 2em; color: rgb(51, 51, 51); font-family: arial, &amp;#39;Hiragino Sans GB&amp;#39;, &amp;#39;Microsoft Yahei&amp;#39;, 微软雅黑, 宋体, 宋体, Tahoma, Arial, Helvetica, STHeiti; line-height: 32px; white-space: normal; background-color: rgb(255, 255, 255);&quot;&gt;这种融合，怎会不唏嘘呢？然而，更唏嘘的是：分手后的某天，你发觉他的一些习惯已经改变了，不再是从前样子。&lt;/p&gt;&lt;p style=&quot;margin-top: 0.5em; margin-bottom: 0.5em; padding: 0px; outline: none; text-indent: 2em; color: rgb(51, 51, 51); font-family: arial, &amp;#39;Hiragino Sans GB&amp;#39;, &amp;#39;Microsoft Yahei&amp;#39;, 微软雅黑, 宋体, 宋体, Tahoma, Arial, Helvetica, STHeiti; line-height: 32px; white-space: normal; background-color: rgb(255, 255, 255);&quot;&gt;譬如说：你无意中在街上见到他，他开的新车竟然不是他最喜欢的蓝色，而是红色。他是什么时候爱上红色的？&lt;/p&gt;&lt;p style=&quot;margin-top: 0.5em; margin-bottom: 0.5em; padding: 0px; outline: none; text-indent: 2em; color: rgb(51, 51, 51); font-family: arial, &amp;#39;Hiragino Sans GB&amp;#39;, &amp;#39;Microsoft Yahei&amp;#39;, 微软雅黑, 宋体, 宋体, Tahoma, Arial, Helvetica, STHeiti; line-height: 32px; white-space: normal; background-color: rgb(255, 255, 255);&quot;&gt;或者是：他穿衣的风格跟以前完全不一样，他是什么时候喜欢这类衣服的？而你已经没权知道。&lt;/p&gt;&lt;p style=&quot;margin-top: 0.5em; margin-bottom: 0.5em; padding: 0px; outline: none; text-indent: 2em; color: rgb(51, 51, 51); font-family: arial, &amp;#39;Hiragino Sans GB&amp;#39;, &amp;#39;Microsoft Yahei&amp;#39;, 微软雅黑, 宋体, 宋体, Tahoma, Arial, Helvetica, STHeiti; line-height: 32px; white-space: normal; background-color: rgb(255, 255, 255);&quot;&gt;当你摇电话给他，他还没有回家。他从前是很少晚归的，这个时间通常在家里。&lt;/p&gt;&lt;p style=&quot;margin-top: 0.5em; margin-bottom: 0.5em; padding: 0px; outline: none; text-indent: 2em; color: rgb(51, 51, 51); font-family: arial, &amp;#39;Hiragino Sans GB&amp;#39;, &amp;#39;Microsoft Yahei&amp;#39;, 微软雅黑, 宋体, 宋体, Tahoma, Arial, Helvetica, STHeiti; line-height: 32px; white-space: normal; background-color: rgb(255, 255, 255);&quot;&gt;你可以永远留住他的一些习惯，但没法阻止他拥有新的习惯。&lt;/p&gt;&lt;p style=&quot;margin-top: 0.5em; margin-bottom: 0.5em; padding: 0px; outline: none; text-indent: 2em; color: rgb(51, 51, 51); font-family: arial, &amp;#39;Hiragino Sans GB&amp;#39;, &amp;#39;Microsoft Yahei&amp;#39;, 微软雅黑, 宋体, 宋体, Tahoma, Arial, Helvetica, STHeiti; line-height: 32px; white-space: normal; background-color: rgb(255, 255, 255);&quot;&gt;新的一切，与你再不相干。你的新生活也如是。&lt;/p&gt;&lt;p&gt;&lt;br/&gt;&lt;/p&gt;', '文&nbsp;张小娴我们也许都有过这样的体会：虽然已经分手了，但是你身上仍然留着他的一些习惯。在过往相处的无数个日子里，那些特质已经变成你的。譬如说话的语气、神态、用来骂人的字眼、喜欢的食物和饮料、作息的时间、看书的品味，以至是最微小的细节，都有他的影', 1414138239, 1414139271, 'publish', 'http://www.nuannian.com/files/article/14/1019/1413680102.jpg', '日志', 10, 0, 0, 1, '', 0);

-- --------------------------------------------------------

--
-- 表的结构 `category`
--

CREATE TABLE IF NOT EXISTS `category` (
  `cid` smallint(6) NOT NULL AUTO_INCREMENT,
  `pid` smallint(5) unsigned NOT NULL DEFAULT '0' COMMENT '父id',
  `name` varchar(15) NOT NULL DEFAULT '' COMMENT '分类名称',
  `uid` int(10) unsigned NOT NULL DEFAULT '0' COMMENT '用户ID',
  `home` tinyint(3) unsigned NOT NULL DEFAULT '0' COMMENT '是否显示在首页',
  `count` smallint(5) unsigned NOT NULL DEFAULT '0' COMMENT '统计',
  PRIMARY KEY (`cid`),
  KEY `pid` (`pid`),
  KEY `home` (`home`),
  KEY `uid` (`uid`)
) ENGINE=InnoDB  DEFAULT CHARSET=utf8 COMMENT='文章分类表' AUTO_INCREMENT=7 ;

--
-- 转存表中的数据 `category`
--

INSERT INTO `category` (`cid`, `pid`, `name`, `uid`, `home`, `count`) VALUES
(1, 0, 'php', 100001, 1, 0),
(2, 0, 'mysql', 100001, 0, 0),
(4, 0, '原创日记', 100001, 1, 4),
(5, 0, '文学阅读', 100001, 1, 2),
(6, 0, 'NoSQL', 100001, 0, 0);

-- --------------------------------------------------------

--
-- 表的结构 `focus`
--

CREATE TABLE IF NOT EXISTS `focus` (
  `id` smallint(5) unsigned NOT NULL AUTO_INCREMENT,
  `image` varchar(255) NOT NULL,
  `blog_id` int(10) unsigned NOT NULL DEFAULT '0',
  `title` varchar(100) NOT NULL DEFAULT '',
  `type` tinyint(3) unsigned NOT NULL DEFAULT '1' COMMENT '焦点图位置,默认为首页',
  `sortno` smallint(6) NOT NULL DEFAULT '0',
  PRIMARY KEY (`id`),
  KEY `type` (`type`)
) ENGINE=InnoDB  DEFAULT CHARSET=utf8 COMMENT='焦点图' AUTO_INCREMENT=6 ;

--
-- 转存表中的数据 `focus`
--

INSERT INTO `focus` (`id`, `image`, `blog_id`, `title`, `type`, `sortno`) VALUES
(1, '/ueditor/php/upload/image/20141022/1413962868603558_680x280.jpg', 21, '把爱情献给爱情', 1, 0),
(2, '/ueditor/php/upload/image/20141022/1413960107615252_680x280.jpg', 13, '如果张柏芝嫁给贝克汉姆，会幸福么？', 1, 0),
(3, '/ueditor/php/upload/image/20141024/crop_1414138070245208_680x280.jpg', 26, '食物是所有的梦想', 1, 0),
(4, '/ueditor/php/upload/image/20141024/crop_1414137951132746_680x280.jpeg', 25, '朋友并不是越多越好', 1, 0),
(5, '/ueditor/php/upload/image/20141024/1414137951132746_680x280.jpeg', 24, '朋友并不是越多越好', 1, 0);

-- --------------------------------------------------------

--
-- 表的结构 `info`
--

CREATE TABLE IF NOT EXISTS `info` (
  `id` int(11) NOT NULL AUTO_INCREMENT,
  `key` varchar(20) NOT NULL,
  `value` varchar(255) NOT NULL,
  `type` tinyint(3) unsigned NOT NULL DEFAULT '1' COMMENT '配置类别',
  PRIMARY KEY (`id`),
  KEY `type` (`type`),
  KEY `key` (`key`)
) ENGINE=InnoDB  DEFAULT CHARSET=utf8 COMMENT='信息表' AUTO_INCREMENT=4 ;

--
-- 转存表中的数据 `info`
--

INSERT INTO `info` (`id`, `key`, `value`, `type`) VALUES
(1, 'title', 'My Blog', 1),
(2, 'keywords', '博客,blog', 1),
(3, 'description', 'My first blog.', 1);

-- --------------------------------------------------------

--
-- 表的结构 `tags`
--

CREATE TABLE IF NOT EXISTS `tags` (
  `id` int(11) NOT NULL AUTO_INCREMENT,
  `name` varchar(10) NOT NULL COMMENT '标签名称',
  `blog_id` int(10) unsigned NOT NULL COMMENT '博客ID',
  PRIMARY KEY (`id`),
  KEY `name` (`name`)
) ENGINE=InnoDB  DEFAULT CHARSET=utf8 COMMENT='标签表' AUTO_INCREMENT=38 ;

--
-- 转存表中的数据 `tags`
--

INSERT INTO `tags` (`id`, `name`, `blog_id`) VALUES
(1, 'php', 1),
(2, 'php', 1),
(3, 'mysql', 1),
(4, 'apache', 1),
(5, 'yiqihao', 5),
(6, 'yiqihao', 6),
(7, '设计模式', 7),
(8, '原创', 8),
(9, '美文', 8),
(10, '文学', 8),
(11, '原创', 9),
(12, '美文', 9),
(13, '文学', 9),
(14, '美文', 10),
(15, '美文', 11),
(16, '美文', 12),
(17, '美文', 13),
(18, '美文', 14),
(19, '美文', 15),
(20, '美文', 16),
(21, '日记', 17),
(22, '日记', 4),
(23, '日记', 19),
(24, '日记', 20),
(27, '日记', 22),
(29, '爱情', 21),
(30, '日记', 21),
(31, '原创', 21),
(32, 'dddd', 23),
(33, '博文', 24),
(34, '博文', 25),
(35, '美文', 26),
(36, '日志', 26),
(37, '日志', 27);

-- --------------------------------------------------------

--
-- 表的结构 `users`
--

CREATE TABLE IF NOT EXISTS `users` (
  `uid` int(11) NOT NULL AUTO_INCREMENT,
  `username` char(10) NOT NULL COMMENT '用户名',
  `password` char(32) NOT NULL,
  `salt` varchar(4) NOT NULL DEFAULT '',
  `nickname` varchar(20) NOT NULL DEFAULT '' COMMENT '昵称',
  `avatar` varchar(100) NOT NULL DEFAULT '',
  `email` varchar(20) NOT NULL DEFAULT '',
  `phone` int(11) NOT NULL DEFAULT '0' COMMENT '手机',
  `ip` int(11) NOT NULL DEFAULT '0' COMMENT '创建用户所用IP, ip2long',
  PRIMARY KEY (`uid`),
  UNIQUE KEY `username` (`username`),
  KEY `email` (`email`),
  KEY `phone` (`phone`)
) ENGINE=InnoDB  DEFAULT CHARSET=utf8 AUTO_INCREMENT=100002 ;

--
-- 转存表中的数据 `users`
--

INSERT INTO `users` (`uid`, `username`, `password`, `salt`, `nickname`, `avatar`, `email`, `phone`, `ip`) VALUES
(100001, 'yanghua', 'bb7cbb325338d598bae9b2ae0d167417', 'blog', '', '/upload/avatar/201410/crop_IMG_0556_348x217_218x218.JPG', '', 0, 0);

/*!40101 SET CHARACTER_SET_CLIENT=@OLD_CHARACTER_SET_CLIENT */;
/*!40101 SET CHARACTER_SET_RESULTS=@OLD_CHARACTER_SET_RESULTS */;
/*!40101 SET COLLATION_CONNECTION=@OLD_COLLATION_CONNECTION */;
